,sentence,label,decap sentence,decap 4 sentence,predict_region,predict_label,predict_country,predict_city,region,country,city,Aleppo,Algiers,Alexandria,Amman,Aswan,Baghdad,Basra,Beirut,Benghazi,Cairo,Damascus,Doha,Fes,Jeddha,Jerusalem,Khartoum,Mosul,Modern Standard Arabic,Muscat,Rabat,Riyadh,Salt,Sana'a,Sfax,Tripoli,Tunis
0,وبالطبع؛ لا تعني الإشارة إلى مجالس الثقافة النسوية -من سكينة إلى مَيْ- سوى التأكيد على شيوع وعموم تلك الظاهرة الثقافية العربية؛ إذْ كانت تستقطب كل طبقات وتنوعات المجتمعات الإسلامية عبر تاريخها منذ عهد الصحابة تلك الظاهرة، ومع التحولات السياسية والثقافية الكبرى أضحت تلك الصالونات إحدى أوثق ركائز قصور الحكم وأبرز سمات بيوت الأعيان من مثقفي المجتمع، ومع ظهور صناعة الكتابة والتدوين باتت مكوّنا لازما في أنشطة أسواق الكتب وحوانيت الورّاقين.,JAZ,وبالطبع لا تعني الاشاره الي مجالس الثقافه النسويه من سكينه الي مي سوي التاكيد علي شيوع وعموم تلك الظاهره الثقافيه العربيه اذ كانت تستقطب كل طبقات وتنوعات المجتمعات الاسلاميه عبر تاريخها منذ عهد الصحابه تلك الظاهره ومع التحولات السياسيه والثقافيه الكبري اضحت تلك الصالونات احدي اوثق ركائز قصور الحكم وابرز سمات بيوت الاعيان من مثقفي المجتمع ومع ظهور صناعه الكتابه والتدوين باتت مكونا لازما في انشطه اسواق الكتب وحوانيت الوراقين,الي مجالس الثقافه النسويه من سكينه الي مي سوي التاكيد علي شيوع وعموم تلك الظاهره الثقافيه العربيه اذ كانت تستقطب كل طبقات وتنوعات المجتمعات الاسلاميه عبر تاريخها منذ عهد الصحابه تلك الظاهره ومع التحولات السياسيه والثقافيه الكبري اضحت تلك الصالونات احدي اوثق ركائز قصور الحكم وابرز سمات بيوت الاعيان من مثقفي المجتمع ومع ظهور صناعه الكتابه والتدوين باتت مكونا لازما في انشطه اسواق الكتب وحوانيت الوراقين,Maghreb,TRI,Libya,Tripoli,Modern Standard Arabic,Modern Standard Arabic,Modern Standard Arabic,0.00022696315622547798,0.001049850975782133,3.4193816585187885e-05,0.0014397861648323225,0.00027725284776551943,0.005327803368844075,0.002064730733629954,5.979475782165462e-05,0.009431995526973524,0.0009630137209596651,0.0009027656515709889,0.001575675265309765,0.0001008246684702595,0.003474259286949952,0.003421867595590673,0.002562181986563525,0.0033724105702115487,0.00386559878944561,0.07829859399903853,1.991904290724086e-05,0.01056772842179501,0.007476284128137568,0.026220417939043526,0.03880787747520072,0.798285961384728,0.00017224872561772404
1,أما الفنون والمهارات التي صاحبت هذه الظاهرة -وما ولّدته من شبكات ثقافية واتجاهات أدبية وتوظيفات تعبيرية- فمن الصعب أن ترصد تفاصيلها حصرا؛ فعدا أنها كانت تُسْهم في إنضاج كسب الثقافة وتقوية الآداب وبلورة الأفكار لدى مرتاديها، فإنها كانت كذلك مسرحا لاختراع فنون الأداء الدرامي التمثيلي وما يلزم ذلك على صعيد أساليب التجميل ونمط الأزياء!,JAZ,اما الفنون والمهارات التي صاحبت هذه الظاهره وما ولدته من شبكات ثقافيه واتجاهات ادبيه وتوظيفات تعبيريه فمن الصعب ان ترصد تفاصيلها حصرا فعدا انها كانت تسهم في انضاج كسب الثقافه وتقويه الاداب وبلوره الافكار لدي مرتاديها فانها كانت كذلك مسرحا لاختراع فنون الاداء الدرامي التمثيلي وما يلزم ذلك علي صعيد اساليب التجميل ونمط الازياء,صاحبت هذه الظاهره وما ولدته من شبكات ثقافيه واتجاهات ادبيه وتوظيفات تعبيريه فمن الصعب ان ترصد تفاصيلها حصرا فعدا انها كانت تسهم في انضاج كسب الثقافه وتقويه الاداب وبلوره الافكار لدي مرتاديها فانها كانت كذلك مسرحا لاختراع فنون الاداء الدرامي التمثيلي وما يلزم ذلك علي صعيد اساليب التجميل ونمط الازياء,Gulf,MUS,Oman,Muscat,Modern Standard Arabic,Modern Standard Arabic,Modern Standard Arabic,1.6981169707276702e-09,2.83893966372837e-08,2.9812702089975816e-10,1.138576584378391e-08,2.6345130925077376e-09,9.7457050550818e-08,6.516605813047612e-08,4.497198348316225e-10,1.0310715288345082e-07,1.9697514525423602e-08,7.732647599226387e-09,2.1624416731097733e-07,1.040703819246665e-08,9.213057831401575e-07,6.250047288734907e-09,1.6319575349750155e-06,6.953656440355175e-08,0.00014798273023643424,0.9998045636794841,3.501139009683012e-10,4.221812182799854e-05,1.0967984173970385e-07,1.6948364782980373e-06,1.2219538091532454e-08,2.2168970668918647e-07,2.9755744920605225e-09
2,"وندرك من ذلك مدى تفطّن المجتمع العربي -منذ عصر الجاهلية- إلى أهمية إيجاد فضاءات عامة لإقامة الفعاليات الشعرية والمهرجانات الخطابية، فقادتهم رحلة البحث تلك إلى اختبار الأسواق خروجا بالشعر والأدب من نطاق التفاعل العائلي واللقاءات المصغرة إلى حيث يلتقي الجميع ويكون التفاعل العامّ على أشدّه، على نحو ما تحققه جلسات التنافس الشعري في ""أسواق العرب"".",JAZ,وندرك من ذلك مدي تفطن المجتمع العربي منذ عصر الجاهليه الي اهميه ايجاد فضاءات عامه لاقامه الفعاليات الشعريه والمهرجانات الخطابيه فقادتهم رحله البحث تلك الي اختبار الاسواق خروجا بالشعر والادب من نطاق التفاعل العائلي واللقاءات المصغره الي حيث يلتقي الجميع ويكون التفاعل العام علي اشده علي نحو ما تحققه جلسات التنافس الشعري في اسواق العرب,تفطن المجتمع العربي منذ عصر الجاهليه الي اهميه ايجاد فضاءات عامه لاقامه الفعاليات الشعريه والمهرجانات الخطابيه فقادتهم رحله البحث تلك الي اختبار الاسواق خروجا بالشعر والادب من نطاق التفاعل العائلي واللقاءات المصغره الي حيث يلتقي الجميع ويكون التفاعل العام علي اشده علي نحو ما تحققه جلسات التنافس الشعري في اسواق العرب,Maghreb,TRI,Libya,Tripoli,Modern Standard Arabic,Modern Standard Arabic,Modern Standard Arabic,6.742917265124576e-06,0.0001094305991974571,6.409053825700994e-07,4.95400155458302e-05,4.774297718089228e-06,0.0006149155278106903,0.0002872032262248371,1.3285018270806168e-06,0.001570850946732034,2.863978582220585e-05,1.3919455348221707e-05,9.745093680007299e-05,1.0028808669208134e-05,0.00027054617616643635,1.595902116785681e-05,0.0015185016327850828,0.0007343020198437618,0.005595359811975021,0.01571937652252911,1.1086208087257e-06,0.11799588855429491,0.0002822792454790547,0.0010692574847480712,0.0005822655363299735,0.8534132858653436,6.403584185048193e-06
3,وبعيدا عن فضاء الأسواق الجامعة والصاخبة؛ انبرت أطياف المجتمع العربي لعقد مجالس الأدب ومسامراته استماعا لما ينتجه الشعراء من نصوص وتفاعلا مع إبداعاتهم، سواء كان ذلك بين جدران البيوت أو في ظلال الكعبة أو في خضم صخب الأسواق، بل وفي الطرقات وخلال الأسفار. وكان ذلك تعبيرا -منذ وقت باكر- عن أن الأدب مادة تداولية من الدرجة الأولى تتخذ من المجالس العامة قنوات مرور لارتباط الجميع بها,JAZ,وبعيدا عن فضاء الاسواق الجامعه والصاخبه انبرت اطياف المجتمع العربي لعقد مجالس الادب ومسامراته استماعا لما ينتجه الشعراء من نصوص وتفاعلا مع ابداعاتهم سواء كان ذلك بين جدران البيوت او في ظلال الكعبه او في خضم صخب الاسواق بل وفي الطرقات وخلال الاسفار وكان ذلك تعبيرا منذ وقت باكر عن ان الادب ماده تداوليه من الدرجه الاولي تتخذ من المجالس العامه قنوات مرور لارتباط الجميع بها,الجامعه والصاخبه انبرت اطياف المجتمع العربي لعقد مجالس الادب ومسامراته استماعا لما ينتجه الشعراء من نصوص وتفاعلا مع ابداعاتهم سواء كان ذلك بين جدران البيوت او في ظلال الكعبه او في خضم صخب الاسواق بل وفي الطرقات وخلال الاسفار وكان ذلك تعبيرا منذ وقت باكر عن ان الادب ماده تداوليه من الدرجه الاولي تتخذ من المجالس العامه قنوات مرور لارتباط الجميع بها,Gulf,MUS,Oman,Muscat,Modern Standard Arabic,Modern Standard Arabic,Modern Standard Arabic,4.0745786911440994e-05,0.00029174986977626496,2.3205105347842766e-05,0.00024723652881158416,0.0001262753214223127,0.0021212839038773053,0.0011094910375003357,2.0546393918221263e-05,0.0026440155529629463,0.0003399872509831113,0.000252312000935682,0.13312553916410635,6.662424636078975e-05,0.003911804197467809,0.00010204954477640115,0.0015252837318883595,0.0010797958412836874,0.03412395427773751,0.6717105665107947,8.484689510803673e-06,0.07037609234250422,0.0013956679172117006,0.07136698195983697,0.0001385128140108063,0.003825335316506156,2.645869355662792e-05
4,العام المنصرم، صارعت جل متاحف العالم من أجل البقاء، وتوقع أبرز المتخصصين في هذا المجال أن تقفل العديد منها أبوابها إلى الأبد وأن تعلن إفلاسها. لكن تلك الصورة القاتمة لم تكن الوحيدة، فقد انتعشت بالمقابل أنشطة بديلة.,JAZ,العام المنصرم صارعت جل متاحف العالم من اجل البقاء وتوقع ابرز المتخصصين في هذا المجال ان تقفل العديد منها ابوابها الي الابد وان تعلن افلاسها لكن تلك الصوره القاتمه لم تكن الوحيده فقد انتعشت بالمقابل انشطه بديله,متاحف العالم من اجل البقاء وتوقع ابرز المتخصصين في هذا المجال ان تقفل العديد منها ابوابها الي الابد وان تعلن افلاسها لكن تلك الصوره القاتمه لم تكن الوحيده فقد انتعشت بالمقابل انشطه بديله,Gulf,MUS,Oman,Muscat,Modern Standard Arabic,Modern Standard Arabic,Modern Standard Arabic,6.63064311127821e-08,1.186955375036739e-06,3.317800196079687e-08,7.224246277751618e-07,1.5061691936273585e-07,2.3989787188631835e-05,1.441282315838534e-05,1.1673198947043014e-08,7.092957113510162e-06,9.404310250444497e-07,7.654913256128212e-07,2.441665708998264e-06,2.2079204207260706e-07,2.983390391536588e-05,2.1563630841699082e-07,0.0026281722470582005,1.4935472690538487e-05,0.14421548822626845,0.8487457175284895,6.827021968547598e-09,0.003909382542443368,3.8009532334411853e-06,0.00038484881276646814,5.781136110123626e-07,1.4927369896376915e-05,5.726418060407986e-08
5,"لجأت العديد من المؤسسات الفنية إلى عرض أعمالها عبر الإنترنت استجابةً لقواعد السلامة والإغلاق الحكومية، لتحول نفسها إلى ما أسماه المنظّر الفني الفرنسي أندريه مالرو ""متاحف بلا جدران"". لكن تجاوز جدران صالات العرض الخاصة بها لم يحلّ النوع الآخر من الحواجز المستعصية داخل المتاحف: الظلم العنصري.",JAZ,لجات العديد من المؤسسات الفنيه الي عرض اعمالها عبر الانترنت استجابه لقواعد السلامه والاغلاق الحكوميه لتحول نفسها الي ما اسماه المنظر الفني الفرنسي اندريه مالرو متاحف بلا جدران لكن تجاوز جدران صالات العرض الخاصه بها لم يحل النوع الاخر من الحواجز المستعصيه داخل المتاحف الظلم العنصري,الفنيه الي عرض اعمالها عبر الانترنت استجابه لقواعد السلامه والاغلاق الحكوميه لتحول نفسها الي ما اسماه المنظر الفني الفرنسي اندريه مالرو متاحف بلا جدران لكن تجاوز جدران صالات العرض الخاصه بها لم يحل النوع الاخر من الحواجز المستعصيه داخل المتاحف الظلم العنصري,Gulf of Aden,SAN,Yemen,Sana'a,Modern Standard Arabic,Modern Standard Arabic,Modern Standard Arabic,5.217091154965667e-06,0.00012611128988692768,3.3589714335059425e-06,3.509897477464875e-05,2.0138801038263277e-05,0.0024970268482303864,0.0016539836374593116,2.3739814006539267e-06,0.002279539067756493,8.288294816972897e-05,2.138843322477395e-05,0.00012836958512697433,9.976919536842461e-06,0.0003628536921518704,2.7515389780871543e-05,0.0011846168036324723,0.0008266710681227225,0.0001973300755280284,0.005400106952463908,5.641884038595561e-06,0.005351593573576418,0.0004136060936458445,0.8365061755291323,0.03242172064439497,0.11039998032878567,3.672141555299285e-05
6,"في تقريره نشره موقع ""ذا ريدر"" الأميركي التابع لمعهد ماساتشوستس للتكنولوجيا (Thereader.MITpress)، أشار ديفيد جوسليت إلى أنه على خلفية مقتل جورج فلويد، سلط وابل من التعليقات والمنشورات على مواقع التواصل الاجتماعي الضوء على هذه الحواجز الثقافية، ونوقشت مظاهر العنصرية الممنهجة بين الفنانين الأميركيين المحترفين والمرموقين.",JAZ,في تقريره نشره موقع ذا ريدر الاميركي التابع لمعهد ماساتشوستس للتكنولوجيا ThereaderMITpress اشار ديفيد جوسليت الي انه علي خلفيه مقتل جورج فلويد سلط وابل من التعليقات والمنشورات علي مواقع التواصل الاجتماعي الضوء علي هذه الحواجز الثقافيه ونوقشت مظاهر العنصريه الممنهجه بين الفنانين الاميركيين المحترفين والمرموقين,ذا ريدر الاميركي التابع لمعهد ماساتشوستس للتكنولوجيا ThereaderMITpress اشار ديفيد جوسليت الي انه علي خلفيه مقتل جورج فلويد سلط وابل من التعليقات والمنشورات علي مواقع التواصل الاجتماعي الضوء علي هذه الحواجز الثقافيه ونوقشت مظاهر العنصريه الممنهجه بين الفنانين الاميركيين المحترفين والمرموقين,Gulf of Aden,SAN,Yemen,Sana'a,Modern Standard Arabic,Modern Standard Arabic,Modern Standard Arabic,2.6835325409627822e-06,9.487655077984839e-06,7.466947844017369e-07,2.3644861311035795e-05,1.131487104647579e-05,0.00010071959086607857,6.14401427187241e-05,5.936661302219302e-07,0.0002113564016799794,1.816876137729131e-05,7.706159471764087e-06,5.3704093361004284e-05,1.6636272371014736e-06,0.00021038734590393918,1.525474571657561e-05,0.00015971026175508533,0.00013610775367724635,0.00010716636839066163,0.0010553211798868208,4.181842234608037e-07,0.0007394423360241903,4.843721945553734e-05,0.509951141420619,5.577124179141141e-05,0.487015230509467,2.3813754860220766e-06
7,"عندما يتعلق الأمر بالرعاة، فقد كشفت حركة ""إنهاء الاستعمار هنا"" في تحركاتها ضد متحف ""ويتني"" والمتاحف الأخرى، عن مدى تناقض قيم الممولين وتحريفهم للقيم التي تفتخر بها المؤسسة. ومع ذلك، لم يتم إيلاء اهتمام كاف لإمكانية الوصول للفنون، على الرغم من انتعاش فكرة ""المتحف بلا جدران"" .",JAZ,عندما يتعلق الامر بالرعاه فقد كشفت حركه انهاء الاستعمار هنا في تحركاتها ضد متحف ويتني والمتاحف الاخري عن مدي تناقض قيم الممولين وتحريفهم للقيم التي تفتخر بها المؤسسه ومع ذلك لم يتم ايلاء اهتمام كاف لامكانيه الوصول للفنون علي الرغم من انتعاش فكره المتحف بلا جدران ,فقد كشفت حركه انهاء الاستعمار هنا في تحركاتها ضد متحف ويتني والمتاحف الاخري عن مدي تناقض قيم الممولين وتحريفهم للقيم التي تفتخر بها المؤسسه ومع ذلك لم يتم ايلاء اهتمام كاف لامكانيه الوصول للفنون علي الرغم من انتعاش فكره المتحف بلا جدران ,Modern Standard Arabic,MSA,Modern Standard Arabic,Modern Standard Arabic,Modern Standard Arabic,Modern Standard Arabic,Modern Standard Arabic,9.989448898902067e-09,3.831371977062092e-07,5.1889274037314334e-09,2.415834136816473e-08,1.2596930772390848e-08,3.0002521760892297e-07,8.925975447422553e-08,1.3547990800109074e-09,1.0555082247200802e-07,4.7364027420164604e-08,4.3838265563420323e-08,1.6627741941831173e-08,8.597000267787506e-08,1.5385332528941484e-07,1.3121027149109692e-08,1.4005775597441549e-05,6.092162614085544e-08,0.9996910614988321,0.00028932438662203244,8.182898076062305e-09,3.554997307781466e-06,8.860938693597742e-08,4.880908284842144e-07,1.3592143642196625e-08,9.709357473682934e-08,4.815353033814753e-09
8,"ونقل عن العضو السابق في اللجنة المالية بالبرلمان العراقي وفي هيئة النزاهة رحيم الدراجي، قوله ""في العراق، لا يصعب العثور على رجال فاسدين، بل الصعب هو العثور على رجال شرفاء. الجميع متورط، لدرجة أن إدانة شخص ما أمر محفوف بالمخاطر. سأكون صريحا، جميع العقود التي اطلعت إليها خلال فترة عملي في اللجنة التي دامت عامين، كانت مزورة"".",JAZ,ونقل عن العضو السابق في اللجنه الماليه بالبرلمان العراقي وفي هيئه النزاهه رحيم الدراجي قوله في العراق لا يصعب العثور علي رجال فاسدين بل الصعب هو العثور علي رجال شرفاء الجميع متورط لدرجه ان ادانه شخص ما امر محفوف بالمخاطر ساكون صريحا جميع العقود التي اطلعت اليها خلال فتره عملي في اللجنه التي دامت عامين كانت مزوره,في اللجنه الماليه بالبرلمان العراقي وفي هيئه النزاهه رحيم الدراجي قوله في العراق لا يصعب العثور علي رجال فاسدين بل الصعب هو العثور علي رجال شرفاء الجميع متورط لدرجه ان ادانه شخص ما امر محفوف بالمخاطر ساكون صريحا جميع العقود التي اطلعت اليها خلال فتره عملي في اللجنه التي دامت عامين كانت مزوره,Modern Standard Arabic,MSA,Modern Standard Arabic,Modern Standard Arabic,Modern Standard Arabic,Modern Standard Arabic,Modern Standard Arabic,1.848359420781395e-07,1.7193727719290776e-06,1.217947115441828e-08,1.0648601528242582e-06,1.8002147899892052e-07,7.678010417902816e-06,1.5820463986148216e-06,3.244152109996239e-08,2.2195292564528695e-06,6.719195687102555e-07,5.572124438030082e-07,2.2698626868963002e-06,5.236242914541536e-07,5.321152709098014e-06,3.876557094134384e-07,5.379146430861321e-05,4.09548883364875e-06,0.8098630434010075,0.18989794325753315,4.293337932657306e-08,0.00012354978181291647,2.5772085090841387e-06,2.320194171521357e-05,2.791366427728869e-07,6.963474496454436e-06,1.0718694101069922e-07
9,وتحظى مليشيات أخرى بدعم الأحزاب السياسية أو التيارات الدينية، وأشهرها جيش المهدي التابع للزعيم الشيعي مقتدى الصدر، والحشد الشعبي الذي تشكّل عام 2014 بدعوة من المرجع الشيعي الأعلى في العراق علي السيستاني. وتسيطر هذه المليشيات اليوم على الشارع وتسن القوانين وتمارس صلاحيات الشرطة والجيش العراقيين.,JAZ,وتحظي مليشيات اخري بدعم الاحزاب السياسيه او التيارات الدينيه واشهرها جيش المهدي التابع للزعيم الشيعي مقتدي الصدر والحشد الشعبي الذي تشكل عام 2014 بدعوه من المرجع الشيعي الاعلي في العراق علي السيستاني وتسيطر هذه المليشيات اليوم علي الشارع وتسن القوانين وتمارس صلاحيات الشرطه والجيش العراقيين,الاحزاب السياسيه او التيارات الدينيه واشهرها جيش المهدي التابع للزعيم الشيعي مقتدي الصدر والحشد الشعبي الذي تشكل عام 2014 بدعوه من المرجع الشيعي الاعلي في العراق علي السيستاني وتسيطر هذه المليشيات اليوم علي الشارع وتسن القوانين وتمارس صلاحيات الشرطه والجيش العراقيين,Modern Standard Arabic,MSA,Modern Standard Arabic,Modern Standard Arabic,Modern Standard Arabic,Modern Standard Arabic,Modern Standard Arabic,9.941958433399845e-06,4.6966597949975e-05,3.8999090850786383e-07,5.30380654608777e-05,6.5702136638888725e-06,6.354701707373906e-05,3.230075680007412e-05,2.684932185246418e-06,0.0004805001604643371,1.6675007447299368e-05,3.672005182762525e-05,0.007329563131631467,0.0002203104567438149,0.0018095964959790002,0.00014303598025515278,0.001894093732219954,2.8769462074491742e-05,0.7186204394767025,0.06860751435876582,5.144957268303414e-06,0.00561627573935214,0.00038614694230706275,0.008100060083117871,0.0008293284624659335,0.18565579497416476,4.59099473677691e-06
10,"وتعهد ترامب بدعم منافسين لماكونيل في الانتخابات التمهيدية للحزب الجمهوري عندما يكون الأمر مواتيا، إضافة إلى دعم مرشحي الحزب ممن يعملون بأجندة ""أميركا أولا"" التي رفعها. وأضاف ماكونيل أن ""هؤلاء المجرمين كانوا يحملون راياته، يعلقون أعلامه ويصرخون بالولاء له""، واصفا تصرفات ترامب التي أدت إلى ذلك الاعتداء بأنها ""تقصير مشين في أداء الواجب"".",JAZ,وتعهد ترامب بدعم منافسين لماكونيل في الانتخابات التمهيديه للحزب الجمهوري عندما يكون الامر مواتيا اضافه الي دعم مرشحي الحزب ممن يعملون باجنده اميركا اولا التي رفعها واضاف ماكونيل ان هؤلاء المجرمين كانوا يحملون راياته يعلقون اعلامه ويصرخون بالولاء له واصفا تصرفات ترامب التي ادت الي ذلك الاعتداء بانها تقصير مشين في اداء الواجب,لماكونيل في الانتخابات التمهيديه للحزب الجمهوري عندما يكون الامر مواتيا اضافه الي دعم مرشحي الحزب ممن يعملون باجنده اميركا اولا التي رفعها واضاف ماكونيل ان هؤلاء المجرمين كانوا يحملون راياته يعلقون اعلامه ويصرخون بالولاء له واصفا تصرفات ترامب التي ادت الي ذلك الاعتداء بانها تقصير مشين في اداء الواجب,Gulf,MUS,Oman,Muscat,Modern Standard Arabic,Modern Standard Arabic,Modern Standard Arabic,3.3444296025330496e-09,9.482475445065371e-08,4.203355372662645e-10,2.3918792504858034e-08,3.2753691369283243e-09,6.468466223601927e-07,2.8111671041452034e-07,2.537827018078721e-09,3.0042881313142434e-07,5.343776977899227e-08,3.683614694912153e-08,1.3976056917576474e-07,3.6906028595723336e-08,1.9510676520167587e-07,7.591389579635958e-09,2.299779745102013e-06,2.1227331650713283e-07,5.8016588324853896e-05,0.9999327439786063,1.3088855652291115e-09,3.4640395541644073e-06,1.7215247016469397e-07,9.471357011860907e-07,5.4887541114782564e-08,2.505159232709587e-07,1.098760829394485e-08
11,ورغم ذلك فإن ماكونيل قال إنه صوت لتبرئة ترامب من تهمة التحريض على التمرد، لأنه من غير الدستوري برأيه أن يحاكم رئيس في مجلس الشيوخ بعد تركه منصبه. ويعكس هذا الطلاق العلني بين الرجلين الانقسامات العميقة التي يتخبط فيها الحزب الجمهوري حاليا.,JAZ,ورغم ذلك فان ماكونيل قال انه صوت لتبرئه ترامب من تهمه التحريض علي التمرد لانه من غير الدستوري برايه ان يحاكم رئيس في مجلس الشيوخ بعد تركه منصبه ويعكس هذا الطلاق العلني بين الرجلين الانقسامات العميقه التي يتخبط فيها الحزب الجمهوري حاليا,قال انه صوت لتبرئه ترامب من تهمه التحريض علي التمرد لانه من غير الدستوري برايه ان يحاكم رئيس في مجلس الشيوخ بعد تركه منصبه ويعكس هذا الطلاق العلني بين الرجلين الانقسامات العميقه التي يتخبط فيها الحزب الجمهوري حاليا,Maghreb,TRI,Libya,Tripoli,Modern Standard Arabic,Modern Standard Arabic,Modern Standard Arabic,1.4517151145264314e-08,1.4404615458834469e-07,7.850552559354523e-09,3.594078473366354e-07,1.5982744461509814e-07,1.183777903093512e-06,3.5490723347484166e-07,5.9153201754137e-09,8.682513894232907e-06,1.1157085030919736e-06,8.570030558412569e-08,1.5141202611313275e-06,1.1006276554874947e-08,4.872157152568814e-06,1.7519662751726277e-07,2.00302174018888e-06,9.18245140209696e-07,4.5040791003385295e-07,1.610642807788869e-05,2.5242706936493236e-09,0.00027974986714589706,3.1524943217767196e-07,0.0025201249373344864,1.760219419999059e-07,0.9971614482367023,1.840767646983688e-08
12,"وأكد تومسون في شكواه -التي قدمها لمحكمة فدرالية في واشنطن- أن الهجوم على الكابيتول -الذي أدى إلى مقتل 5 أشخاص- نشأ من ""مشروع مشترك كان المتهمون يواصلون (العمل عليه) منذ الانتخابات"" الرئاسية التي أجريت في 3 نوفمبر/تشرين الثاني 2020.",JAZ,واكد تومسون في شكواه التي قدمها لمحكمه فدراليه في واشنطن ان الهجوم علي الكابيتول الذي ادي الي مقتل 5 اشخاص نشا من مشروع مشترك كان المتهمون يواصلون العمل عليه منذ الانتخابات الرئاسيه التي اجريت في 3 نوفمبرتشرين الثاني 2020,التي قدمها لمحكمه فدراليه في واشنطن ان الهجوم علي الكابيتول الذي ادي الي مقتل 5 اشخاص نشا من مشروع مشترك كان المتهمون يواصلون العمل عليه منذ الانتخابات الرئاسيه التي اجريت في 3 نوفمبرتشرين الثاني 2020,Gulf,MUS,Oman,Muscat,Modern Standard Arabic,Modern Standard Arabic,Modern Standard Arabic,3.117676822162768e-08,1.3661157825587531e-06,2.799610591905979e-09,1.9504735014708742e-07,6.63989457184794e-08,2.032525692920092e-06,8.899791396578332e-07,1.0022961630158116e-08,9.335695119344072e-06,4.788187065012938e-07,7.29104706708917e-08,4.31733237234873e-06,1.48076035253261e-07,4.858824878046619e-06,1.346884649713181e-07,2.6823131184894687e-05,3.0883398671668305e-07,0.06812963098438769,0.9316533944220192,1.2338814635137239e-08,6.671065895824697e-05,1.7723854743860903e-06,2.443799846580668e-05,7.662788422142695e-07,7.214050470438489e-05,6.205086322063956e-08
13,"وتعرض الرئيس الصيني شي جين بينغ لانتقادات عالمية لاحتجازه أقلية الإيغور في معسكرات اعتقال، بالإضافة إلى انتهاكات أخرى لحقوق الإنسان. وقال بايدن بعد إلحاح عليه بشأن القضية خلال اللقاء ""حسنا، ستكون هناك تداعيات على الصين وهو يعلم ذلك""، في إشارة إلى الرئيس الصيني.",JAZ,وتعرض الرئيس الصيني شي جين بينغ لانتقادات عالميه لاحتجازه اقليه الايغور في معسكرات اعتقال بالاضافه الي انتهاكات اخري لحقوق الانسان وقال بايدن بعد الحاح عليه بشان القضيه خلال اللقاء حسنا ستكون هناك تداعيات علي الصين وهو يعلم ذلك في اشاره الي الرئيس الصيني,جين بينغ لانتقادات عالميه لاحتجازه اقليه الايغور في معسكرات اعتقال بالاضافه الي انتهاكات اخري لحقوق الانسان وقال بايدن بعد الحاح عليه بشان القضيه خلال اللقاء حسنا ستكون هناك تداعيات علي الصين وهو يعلم ذلك في اشاره الي الرئيس الصيني,Gulf,MUS,Oman,Muscat,Modern Standard Arabic,Modern Standard Arabic,Modern Standard Arabic,1.2888315832129458e-05,6.326138152762587e-05,8.552030827177471e-07,6.706499266201123e-05,2.879032259121699e-05,0.002584999653004915,0.0014802350124057276,1.783954353775858e-06,0.002171310065280061,6.265041267363518e-05,4.5067728045236376e-05,0.00017627432868857674,9.048401205097904e-06,0.0005855169538487345,0.0001638170218461173,0.0029645814347840954,0.346007045246991,0.00383768853824696,0.5679614794948689,1.276308083685547e-06,0.0094120834708952,0.0007428010603515562,0.00418346896318389,0.0004131408019459546,0.057014491712861805,8.379220739531704e-06
14,"وعبر بايدن أيضا عن قلقه بشأن الممارسات التجارية ""القسرية وغير العادلة"" التي تقوم بها بكين، وبشأن قضايا حقوقية مثل حملتها في هونغ كونغ واعتقالات شينجيانغ وغيرها من الإجراءات في آسيا، بما في ذلك تجاه تايوان التي تقول الصين إنها جزء من أراضيها.",JAZ,وعبر بايدن ايضا عن قلقه بشان الممارسات التجاريه القسريه وغير العادله التي تقوم بها بكين وبشان قضايا حقوقيه مثل حملتها في هونغ كونغ واعتقالات شينجيانغ وغيرها من الاجراءات في اسيا بما في ذلك تجاه تايوان التي تقول الصين انها جزء من اراضيها,قلقه بشان الممارسات التجاريه القسريه وغير العادله التي تقوم بها بكين وبشان قضايا حقوقيه مثل حملتها في هونغ كونغ واعتقالات شينجيانغ وغيرها من الاجراءات في اسيا بما في ذلك تجاه تايوان التي تقول الصين انها جزء من اراضيها,Gulf,MUS,Oman,Muscat,Modern Standard Arabic,Modern Standard Arabic,Modern Standard Arabic,2.2634930455431065e-08,3.300380811514185e-07,2.5820376937853445e-09,5.884003363992876e-08,1.7285587267773413e-08,4.840172606455784e-07,1.8567773839692227e-07,4.708820441173875e-09,6.805344982139801e-07,1.3429772761802943e-07,2.2989273854536405e-07,4.970423271784815e-07,1.0817975450306241e-07,1.7301611462785987e-06,3.84693048933346e-08,6.956892323960553e-06,1.1427907198268882e-06,0.25301490704047946,0.7469285788331012,9.210842019873386e-09,3.4651860808101236e-05,2.3412822185727585e-07,8.460354366451991e-06,3.973594903476616e-08,4.818566426546594e-07,1.2934558555766677e-08
15,ويحتدم الخلاف بين البلدين بشأن عدة قضايا، مثل التكنولوجيا وحقوق الإنسان والأنشطة العسكرية الصينية في منطقة بحر جنوب الصين المتنازع عليها، حيث يتبادل البلدان الاتهامات بتعمد انتهاج سلوك استفزازي.,JAZ,ويحتدم الخلاف بين البلدين بشان عده قضايا مثل التكنولوجيا وحقوق الانسان والانشطه العسكريه الصينيه في منطقه بحر جنوب الصين المتنازع عليها حيث يتبادل البلدان الاتهامات بتعمد انتهاج سلوك استفزازي,بشان عده قضايا مثل التكنولوجيا وحقوق الانسان والانشطه العسكريه الصينيه في منطقه بحر جنوب الصين المتنازع عليها حيث يتبادل البلدان الاتهامات بتعمد انتهاج سلوك استفزازي,Gulf,BAG,Iraq,Baghdad,Modern Standard Arabic,Modern Standard Arabic,Modern Standard Arabic,0.00018251799029283752,5.714120225818867e-05,4.435027368116439e-05,0.0013123289200066793,0.001458434712475274,0.40430100464266366,0.02498482116225099,5.9004470536755345e-05,0.006980010454759573,0.007455761419070761,0.004014909349043716,0.06395997324936413,1.1644866729771286e-05,0.02225765940476798,0.002845909497616568,0.002018854563541814,0.0012541719541490357,1.237117989773354e-05,0.034809389620026734,1.0037426384049018e-06,0.33043347204768725,0.006049976600857408,0.07400925495807714,0.0002354204979577444,0.01123204482412921,1.856839551940368e-05
16,"فقد أراد حزب ""الجمهوريون"" اليميني حظر الحجاب في الجامعات، وقال دايمان أباد زعيم الكتلة البرلمانية للحزب التي صوتت بشبه إجماع ضد المشروع إن النص ""فاتر ومائع""، ولا يتطرق إلى مواضيع مثل ""تدفق المهاجرين والتطرف في الجامعات والمدارس والسجون والرياضة"".",JAZ,فقد اراد حزب الجمهوريون اليميني حظر الحجاب في الجامعات وقال دايمان اباد زعيم الكتله البرلمانيه للحزب التي صوتت بشبه اجماع ضد المشروع ان النص فاتر ومائع ولا يتطرق الي مواضيع مثل تدفق المهاجرين والتطرف في الجامعات والمدارس والسجون والرياضه,اليميني حظر الحجاب في الجامعات وقال دايمان اباد زعيم الكتله البرلمانيه للحزب التي صوتت بشبه اجماع ضد المشروع ان النص فاتر ومائع ولا يتطرق الي مواضيع مثل تدفق المهاجرين والتطرف في الجامعات والمدارس والسجون والرياضه,Gulf,MUS,Oman,Muscat,Modern Standard Arabic,Modern Standard Arabic,Modern Standard Arabic,6.916109552156613e-06,3.803982147945544e-05,4.7641617111043034e-07,4.147899194925406e-05,1.4247109162874472e-05,9.850021572938155e-05,9.780697536099658e-05,1.718080788756195e-06,0.0013696815516825959,5.377430542181511e-05,2.9973772078701396e-05,0.012113360170911237,5.242173875751289e-06,0.0010720351273486807,5.5656119502868386e-05,0.00038550438759743814,1.4511875850560454e-05,2.570533524616426e-05,0.9473660253827196,2.6082979629242467e-07,0.035893632035526764,0.0001585904450199595,0.0006104985735769325,0.00011024461574446123,0.0004318527965795258,4.266781326493834e-06
17,"ويجرم النص النزعات ""الانعزالية""، ويفرض رقابة صارمة على أنشطة الجمعيات الدينية والثقافية، كما يشدد على مبدأ ""الحياد الديني"" لموظفي القطاع العام. ومن المقرر أن يحال القانون إلى النقاش في مجلس الشيوخ في أبريل/نيسان المقبل.",JAZ,ويجرم النص النزعات الانعزاليه ويفرض رقابه صارمه علي انشطه الجمعيات الدينيه والثقافيه كما يشدد علي مبدا الحياد الديني لموظفي القطاع العام ومن المقرر ان يحال القانون الي النقاش في مجلس الشيوخ في ابريلنيسان المقبل,ويفرض رقابه صارمه علي انشطه الجمعيات الدينيه والثقافيه كما يشدد علي مبدا الحياد الديني لموظفي القطاع العام ومن المقرر ان يحال القانون الي النقاش في مجلس الشيوخ في ابريلنيسان المقبل,Maghreb,TRI,Libya,Tripoli,Modern Standard Arabic,Modern Standard Arabic,Modern Standard Arabic,1.5824616727766643e-08,2.2451013476959047e-07,4.6043391417604327e-10,1.2424344631042165e-07,1.6043394205604106e-08,2.697510241343013e-07,4.5256770814060544e-07,3.2647752771046053e-09,8.977482321716963e-06,6.012315684994407e-08,4.294416975334066e-08,5.936798524494302e-07,4.542152970036612e-08,8.466506913993754e-07,3.023934693859075e-07,1.7935440665468282e-06,2.2151323575534567e-07,1.9581109997040798e-07,7.383602852407319e-06,7.247505656614248e-09,1.5639059325536179e-06,3.4740927411111645e-07,2.386453719005754e-06,3.371345054729809e-07,0.9999737567860983,3.1230985444535367e-08
18,وتابعت أنه بمجرد أن تصبح واشنطن وطهران طرفين في الاتفاق مرة أخرى فسيكون فريق بايدن في وضع يسمح له بالنهوض ببنود أخرى من جدول الأعمال مع طهران، وتحديدا الإجراءات التي يتخذانها في اليمن وأماكن أخرى في المنطقة التي تثير القلق في دول مثل المملكة العربية السعودية.,JAZ,وتابعت انه بمجرد ان تصبح واشنطن وطهران طرفين في الاتفاق مره اخري فسيكون فريق بايدن في وضع يسمح له بالنهوض ببنود اخري من جدول الاعمال مع طهران وتحديدا الاجراءات التي يتخذانها في اليمن واماكن اخري في المنطقه التي تثير القلق في دول مثل المملكه العربيه السعوديه,تصبح واشنطن وطهران طرفين في الاتفاق مره اخري فسيكون فريق بايدن في وضع يسمح له بالنهوض ببنود اخري من جدول الاعمال مع طهران وتحديدا الاجراءات التي يتخذانها في اليمن واماكن اخري في المنطقه التي تثير القلق في دول مثل المملكه العربيه السعوديه,Modern Standard Arabic,MSA,Modern Standard Arabic,Modern Standard Arabic,Modern Standard Arabic,Modern Standard Arabic,Modern Standard Arabic,2.7166600097596997e-09,6.042211261439678e-08,6.848738293216743e-10,1.586949581170677e-08,1.5516604128529546e-08,4.3718023779787483e-08,1.3780705051472733e-08,1.016640734855876e-09,2.0389533053903834e-07,1.1708792325547579e-07,1.5353045951794038e-08,2.877535831762189e-07,7.118193943773156e-09,4.227896212043725e-07,1.0571116976446158e-08,4.088653256568027e-06,4.990500119511164e-08,0.9989531053547098,0.001013641924440275,7.662116199889417e-10,2.609559294022482e-05,6.171552209415364e-08,1.635382074708362e-06,6.143420536186396e-09,9.44760758897644e-08,1.7924160182393748e-09
19,"واعتبر الموقع أنه من المفارقة أن عبادي ذكر سببا آخر مفاجئا وهو أن الخليج سيصبح -وفقا لتوقعاته- ""ملاذا آمنا"" لليهود الفارين من معاداة السامية المتزايدة في الغرب، وذلك بالنظر للحوادث المتعلقة بمعاداة السامية في أوروبا والولايات المتحدة والتي قال إن أعدادها في تزايد.",JAZ,واعتبر الموقع انه من المفارقه ان عبادي ذكر سببا اخر مفاجئا وهو ان الخليج سيصبح وفقا لتوقعاته ملاذا امنا لليهود الفارين من معاداه الساميه المتزايده في الغرب وذلك بالنظر للحوادث المتعلقه بمعاداه الساميه في اوروبا والولايات المتحده والتي قال ان اعدادها في تزايد,المفارقه ان عبادي ذكر سببا اخر مفاجئا وهو ان الخليج سيصبح وفقا لتوقعاته ملاذا امنا لليهود الفارين من معاداه الساميه المتزايده في الغرب وذلك بالنظر للحوادث المتعلقه بمعاداه الساميه في اوروبا والولايات المتحده والتي قال ان اعدادها في تزايد,Gulf of Aden,SAN,Yemen,Sana'a,Modern Standard Arabic,Modern Standard Arabic,Modern Standard Arabic,4.904861712126929e-06,8.766209643151568e-06,3.5919352478608188e-06,6.456911350501468e-05,0.0003390842258759542,7.23048695898894e-05,4.439079886386203e-05,2.8207261220792273e-06,0.341912472170085,0.0018689051541510091,1.8296928219866345e-05,0.012164841633259378,3.900888567664344e-06,0.002556746559546346,4.0537844544090344e-05,0.0025545299223352644,0.0001362054834987446,1.9271068755609027e-05,0.07075965039306283,3.9743712379670287e-07,0.024252575043850894,0.0002196783592761634,0.5366773710319837,1.4904820870074864e-05,0.0062566462782753665,2.636242034165932e-06
20,"وقال نونو لهيئة البث ""الهدف هو توحيد موارد المجتمعات، مثل طعام الكوشر الحلال (وفق الشريعة اليهودية) وكذلك المساعدات الدينية، والدفن وغيرها من الأمور"". وكانت الإمارات والبحرين قد وقعتا العام الماضي اتفاقيتين من أجل تطبيع العلاقات مع إسرائيل.",JAZ,وقال نونو لهيئه البث الهدف هو توحيد موارد المجتمعات مثل طعام الكوشر الحلال وفق الشريعه اليهوديه وكذلك المساعدات الدينيه والدفن وغيرها من الامور وكانت الامارات والبحرين قد وقعتا العام الماضي اتفاقيتين من اجل تطبيع العلاقات مع اسرائيل,الهدف هو توحيد موارد المجتمعات مثل طعام الكوشر الحلال وفق الشريعه اليهوديه وكذلك المساعدات الدينيه والدفن وغيرها من الامور وكانت الامارات والبحرين قد وقعتا العام الماضي اتفاقيتين من اجل تطبيع العلاقات مع اسرائيل,Modern Standard Arabic,MSA,Modern Standard Arabic,Modern Standard Arabic,Modern Standard Arabic,Modern Standard Arabic,Modern Standard Arabic,2.910903893945622e-06,9.16079590860592e-06,2.5328986073968183e-07,5.5521615062669084e-06,7.730765149107926e-07,3.513761870064668e-05,1.8075870067039685e-05,1.9133507452057937e-07,3.2749926606689545e-05,1.99641914228304e-06,4.08407218555982e-06,3.984962847848864e-05,1.0870431517068505e-06,0.0001174371378466375,1.2261924384134755e-05,0.00023470201454835448,6.122330099750943e-05,0.9709133699069245,0.0192356900400621,1.146698449830485e-07,0.008993007012793243,2.994124123808244e-05,0.00024082969135300828,2.8548541861113146e-07,9.160382993416504e-06,1.550505042164613e-07
21,جاء ذلك في أول اجتماع لمجلس الوزراء في العام الجاري. وكان الجانبان قد وقعا في البيت الأبيض منتصف سبتمبر/أيلول الماضي اتفاقية لتطبيع العلاقات، برعاية الرئيس الأميركي السابق دونالد ترامب.,JAZ,جاء ذلك في اول اجتماع لمجلس الوزراء في العام الجاري وكان الجانبان قد وقعا في البيت الابيض منتصف سبتمبرايلول الماضي اتفاقيه لتطبيع العلاقات برعايه الرئيس الاميركي السابق دونالد ترامب,اجتماع لمجلس الوزراء في العام الجاري وكان الجانبان قد وقعا في البيت الابيض منتصف سبتمبرايلول الماضي اتفاقيه لتطبيع العلاقات برعايه الرئيس الاميركي السابق دونالد ترامب,Gulf,MUS,Oman,Muscat,Modern Standard Arabic,Modern Standard Arabic,Modern Standard Arabic,3.156586513351126e-05,8.033280730724043e-05,1.0318492230892343e-05,0.00023164557485585877,0.0006084883509217974,5.0366858773355364e-05,0.00011612329140255553,1.141766260660837e-05,0.0005145168998322515,0.002628795311606897,0.00010415783323024622,0.004557069828660894,5.016683442158517e-06,0.007417932344876423,0.00025747842744662964,0.008019362438354502,1.8993671993625902e-05,0.00013835425979797164,0.8940845749276943,9.64525274095356e-07,0.07862465540357538,0.0006609957238914769,0.0013798597829639953,6.755042170087999e-05,0.0003668859586072554,1.2576653819123568e-05
22,وقال مستشار الأمن القومي الأميركي جيك سوليفان -في بيان صدر اليوم الأحد- إنه أخبر نظيره الإسرائيلي مائير بن شبات في اتصال هاتفي جرى أمس، أن إدارة الرئيس جو بايدن ستعمل عن كثب مع إسرائيل بشأن الأمن وتطبيع العلاقات في الشرق الأوسط.,JAZ,وقال مستشار الامن القومي الاميركي جيك سوليفان في بيان صدر اليوم الاحد انه اخبر نظيره الاسرائيلي مائير بن شبات في اتصال هاتفي جري امس ان اداره الرئيس جو بايدن ستعمل عن كثب مع اسرائيل بشان الامن وتطبيع العلاقات في الشرق الاوسط,الاميركي جيك سوليفان في بيان صدر اليوم الاحد انه اخبر نظيره الاسرائيلي مائير بن شبات في اتصال هاتفي جري امس ان اداره الرئيس جو بايدن ستعمل عن كثب مع اسرائيل بشان الامن وتطبيع العلاقات في الشرق الاوسط,Gulf of Aden,SAN,Yemen,Sana'a,Modern Standard Arabic,Modern Standard Arabic,Modern Standard Arabic,3.984428191649172e-06,4.802744014448464e-06,1.9961007701378082e-07,3.372667829470879e-05,9.238176564282372e-06,5.8587595980371255e-05,6.242408086307388e-05,3.866027909172636e-06,0.0008404300080923495,4.09920871074826e-05,3.147238583147698e-05,0.01235001447119725,9.974922175720194e-07,0.0026691533645679167,9.474424386550372e-05,0.00015076744425663335,0.0001093334667875878,3.702516092340195e-06,0.0014955721831420717,1.6949745206553375e-07,0.41373304927145077,0.0003652166689535832,0.5676843999207094,4.406529486660695e-06,0.0002478682013834999,8.809055109048828e-07
23,وأشار مراسل الجزيرة في واشنطن أحمد هزيم إلى شهادة وزير الخارجية الأميركي الجديد أنتوني بلينكن أمام مجلس الشيوخ ضمن إجراءات المصادقة على تعيينه، حيث قال إن الإدارة الجديدة ستعمل ببطء لإعادة بناء الثقة بين طرفي النزاع، لتصل بعد ذلك إلى خطة أو مقترح لإطلاق المفاوضات.,JAZ,واشار مراسل الجزيره في واشنطن احمد هزيم الي شهاده وزير الخارجيه الاميركي الجديد انتوني بلينكن امام مجلس الشيوخ ضمن اجراءات المصادقه علي تعيينه حيث قال ان الاداره الجديده ستعمل ببطء لاعاده بناء الثقه بين طرفي النزاع لتصل بعد ذلك الي خطه او مقترح لاطلاق المفاوضات,واشنطن احمد هزيم الي شهاده وزير الخارجيه الاميركي الجديد انتوني بلينكن امام مجلس الشيوخ ضمن اجراءات المصادقه علي تعيينه حيث قال ان الاداره الجديده ستعمل ببطء لاعاده بناء الثقه بين طرفي النزاع لتصل بعد ذلك الي خطه او مقترح لاطلاق المفاوضات,Gulf of Aden,SAN,Yemen,Sana'a,Modern Standard Arabic,Modern Standard Arabic,Modern Standard Arabic,6.21945212532999e-07,2.416313548907829e-06,4.555594143911014e-07,4.502320760185614e-06,2.812905262218983e-06,0.00031153168492665953,0.00010833801457130586,4.309042559730945e-07,0.0019168047278314588,1.6290796300603044e-05,5.069817836388979e-06,7.679016481548005e-05,6.486054193079999e-07,5.6716082471899194e-05,3.2369990401811346e-06,0.00019687861147853146,0.0007363670828674637,1.7268329426666513e-05,0.002528903513237807,9.662990835109993e-08,0.0005433437890354313,7.3124400153858e-05,0.8712154525701903,1.3674100908931638e-05,0.12216790875099498,3.1538013031863993e-07
24,"وتنقل الصحيفة الفرنسية عن الروائي الجزائري محمد مولسهول (المشهور بياسمينة خضرا) قوله إن الجزائر ""كانت تستحق مصيرا أفضل من هذا""، داعيا إلى إطلاق سراح جميع معتقلي الرأي القابعين في السجون.",JAZ,وتنقل الصحيفه الفرنسيه عن الروائي الجزائري محمد مولسهول المشهور بياسمينه خضرا قوله ان الجزائر كانت تستحق مصيرا افضل من هذا داعيا الي اطلاق سراح جميع معتقلي الراي القابعين في السجون,الروائي الجزائري محمد مولسهول المشهور بياسمينه خضرا قوله ان الجزائر كانت تستحق مصيرا افضل من هذا داعيا الي اطلاق سراح جميع معتقلي الراي القابعين في السجون,Gulf,RIY,Saudi Arabia,Riyadh,Modern Standard Arabic,Modern Standard Arabic,Modern Standard Arabic,9.191081040158588e-08,6.164997279330845e-07,1.1528265711564937e-08,6.413187368502584e-07,1.6669166782150814e-07,1.6182205944030853e-05,1.0468175848190144e-05,6.710143574445133e-08,8.36830287557481e-06,8.724672567523847e-07,4.6122761853718744e-07,9.27847583645077e-06,9.660997443431824e-08,1.8110400610197123e-05,2.9919849657536653e-07,2.5380979111943104e-05,5.706848117792651e-06,1.3555506062509386e-05,0.01218812066236791,3.3196205366761423e-09,0.9875840827182717,4.227272360605527e-06,0.00010916917306463335,1.0908928023012963e-06,2.8491288746990007e-06,8.138424017809635e-08
25,"وتختم الصحيفة بأن الجزائريين باتوا يعيشون في الذكرى الثانية لحراكهم الشعبي ""وهْمُ الجزائرِ الجديدة"" على وقع القمع والمحاكمات المتسارعة للمعارضين والنشطاء، رغم تأكيد السلطات أنه لا يوجد ""معتقلي رأي في الجزائر""، وفق تعبير وزيرِ الاتصال الناطقِ الرسمي باسم الحكومة الجزائرية عمار بلحيمر مطلع هذا الشهر.",JAZ,وتختم الصحيفه بان الجزائريين باتوا يعيشون في الذكري الثانيه لحراكهم الشعبي وهم الجزائر الجديده علي وقع القمع والمحاكمات المتسارعه للمعارضين والنشطاء رغم تاكيد السلطات انه لا يوجد معتقلي راي في الجزائر وفق تعبير وزير الاتصال الناطق الرسمي باسم الحكومه الجزائريه عمار بلحيمر مطلع هذا الشهر,باتوا يعيشون في الذكري الثانيه لحراكهم الشعبي وهم الجزائر الجديده علي وقع القمع والمحاكمات المتسارعه للمعارضين والنشطاء رغم تاكيد السلطات انه لا يوجد معتقلي راي في الجزائر وفق تعبير وزير الاتصال الناطق الرسمي باسم الحكومه الجزائريه عمار بلحيمر مطلع هذا الشهر,Modern Standard Arabic,MSA,Modern Standard Arabic,Modern Standard Arabic,Modern Standard Arabic,Modern Standard Arabic,Modern Standard Arabic,1.7600755664700457e-09,7.509884970524871e-08,1.168636820390814e-10,5.80430235044702e-09,1.380144746759392e-09,4.374453878815882e-08,1.4436291188511642e-08,3.479881871660512e-10,4.8259513018929833e-08,3.5524897400037518e-09,8.006230583109868e-09,3.568415484752707e-08,2.876344925952367e-09,1.5428024102127781e-07,7.814903890443213e-09,4.80907039044993e-07,3.006160266063785e-08,0.9998037116445936,0.00018323897362634966,3.2686005597837944e-10,9.323541396587865e-06,3.1430889584963435e-08,2.670343917367221e-06,1.1611511654513247e-08,9.686995465528396e-08,1.1256763704762568e-09
26,وحمل وزير الخارجية رسالة من أمير دولة قطر الشيخ تميم بن حمد آل ثاني، إلى الرئيس ميشال عون، تتضمن الدعم لتشكيل الحكومة ورأب الصدع بين كافة الأطراف السياسية، تمهيدا لفتح الباب أمام المساعدات الاقتصادية لحل الأزمة الراهنة، والمساهمة في إعادة إعمار لبنان.,JAZ,وحمل وزير الخارجيه رساله من امير دوله قطر الشيخ تميم بن حمد ال ثاني الي الرئيس ميشال عون تتضمن الدعم لتشكيل الحكومه وراب الصدع بين كافه الاطراف السياسيه تمهيدا لفتح الباب امام المساعدات الاقتصاديه لحل الازمه الراهنه والمساهمه في اعاده اعمار لبنان,من امير دوله قطر الشيخ تميم بن حمد ال ثاني الي الرئيس ميشال عون تتضمن الدعم لتشكيل الحكومه وراب الصدع بين كافه الاطراف السياسيه تمهيدا لفتح الباب امام المساعدات الاقتصاديه لحل الازمه الراهنه والمساهمه في اعاده اعمار لبنان,Gulf of Aden,SAN,Yemen,Sana'a,Modern Standard Arabic,Modern Standard Arabic,Modern Standard Arabic,2.491215924254028e-06,4.304051304921531e-06,1.8411327898246218e-06,2.9775784008155436e-05,2.8274338096858294e-05,7.813816650322403e-05,0.0001549579728096197,1.956817757819117e-06,0.0011342934918623748,0.00016620032482329074,1.3843787903187939e-05,0.0015288345159415715,2.3204224443654714e-07,0.000376139549120519,4.143520559763472e-05,0.0001771204497421455,7.488541280141105e-05,1.524580986271605e-07,0.00042027543199898895,7.552752185314724e-08,0.004062252213180794,0.0005982048663188021,0.9900454449368129,0.00022743686992632883,0.0008256532120383631,5.7802248719441794e-06
27,وتأتي هذه الزيارة بعد أيام من زيارة الشيخ محمد بن عبد الرحمن آل ثاني، نائب رئيس مجلس الوزراء القطري وزير الخارجية، إلى لبنان شملت لقاء مع وزير الخارجية اللبناني السابق، جبران باسيل، واتصالا مع رئيس الوزراء المكلف، سعد الحريري، وذلك في إطار مساعٍ قطرية لإيجاد أرضية مشتركة وتوافقية لتشكيل حكومة لبنانية.,JAZ,وتاتي هذه الزياره بعد ايام من زياره الشيخ محمد بن عبد الرحمن ال ثاني نائب رئيس مجلس الوزراء القطري وزير الخارجيه الي لبنان شملت لقاء مع وزير الخارجيه اللبناني السابق جبران باسيل واتصالا مع رئيس الوزراء المكلف سعد الحريري وذلك في اطار مساع قطريه لايجاد ارضيه مشتركه وتوافقيه لتشكيل حكومه لبنانيه,ايام من زياره الشيخ محمد بن عبد الرحمن ال ثاني نائب رئيس مجلس الوزراء القطري وزير الخارجيه الي لبنان شملت لقاء مع وزير الخارجيه اللبناني السابق جبران باسيل واتصالا مع رئيس الوزراء المكلف سعد الحريري وذلك في اطار مساع قطريه لايجاد ارضيه مشتركه وتوافقيه لتشكيل حكومه لبنانيه,Gulf,RIY,Saudi Arabia,Riyadh,Modern Standard Arabic,Modern Standard Arabic,Modern Standard Arabic,7.433613995714325e-05,8.017817468940205e-05,6.790976349671389e-06,0.001038034782782814,7.327524306712625e-05,0.001216012615157776,0.0021168949309072855,5.5791361878515335e-05,0.029523334235795208,0.0004910710619375118,0.0007421568404768563,0.02018639342772005,9.105429704206999e-06,0.019487762557663654,0.0018019909534787125,0.3083407790876077,0.0007039977868001171,3.0955093952200706e-05,0.031511719700870154,1.0785116492046895e-06,0.5019389907029771,0.05355802949700813,0.010239652931709432,0.0020506019930129626,0.014523245734815156,0.00019782022803181817
28,وأضاف ماكرون، في كلمة عبر الفيديو أمام قمة دول الساحل المنعقدة في النيجر، أنه يجب قطع رؤوس الجماعات المسلحة في الساحل، وأوضح أن التعبئة الدولية من أجل منطقة الساحل لم تكن يوما قوية كما هي اليوم.,JAZ,واضاف ماكرون في كلمه عبر الفيديو امام قمه دول الساحل المنعقده في النيجر انه يجب قطع رؤوس الجماعات المسلحه في الساحل واوضح ان التعبئه الدوليه من اجل منطقه الساحل لم تكن يوما قويه كما هي اليوم,عبر الفيديو امام قمه دول الساحل المنعقده في النيجر انه يجب قطع رؤوس الجماعات المسلحه في الساحل واوضح ان التعبئه الدوليه من اجل منطقه الساحل لم تكن يوما قويه كما هي اليوم,Gulf of Aden,SAN,Yemen,Sana'a,Modern Standard Arabic,Modern Standard Arabic,Modern Standard Arabic,4.95264855983449e-07,1.2302214672010961e-06,1.8025628455702134e-06,7.667481529206728e-06,2.7743020010466623e-05,5.437420862571314e-06,6.231841043532558e-06,1.856606516887661e-07,6.505872319177745e-05,8.79575412222486e-05,3.196053358887075e-06,0.00013450413049587523,1.779337752117e-07,0.00042768819467669665,4.676072704445998e-06,0.0635130691054896,1.3354609490109146e-05,0.00039304691773432894,0.0007794792611180689,5.0276656526139905e-08,0.0009161572655025317,1.353401526440195e-05,0.933435554636129,1.0933929121228576e-06,0.00016045548191131594,1.529151005348331e-07
29,"وأوضح ماكرون أن التعديل الذي سيطرأ على الوجود العسكري الفرنسي في الساحل ""سيعتمد على مشاركة الدول الأخرى في قوة تاكوبا العسكرية التي تقاتل المتشددين في منطقة الساحل إلى جانب الجيشين في مالي ونيجيريا، وقال إن المجر واليونان وصربيا ترغب في الانضمام إلى القوة الدولية التي تشمل عدة دول أوروبية، والتي تحارب الجماعات المسلحة في منطقة الساحل.",JAZ,واوضح ماكرون ان التعديل الذي سيطرا علي الوجود العسكري الفرنسي في الساحل سيعتمد علي مشاركه الدول الاخري في قوه تاكوبا العسكريه التي تقاتل المتشددين في منطقه الساحل الي جانب الجيشين في مالي ونيجيريا وقال ان المجر واليونان وصربيا ترغب في الانضمام الي القوه الدوليه التي تشمل عده دول اوروبيه والتي تحارب الجماعات المسلحه في منطقه الساحل,الذي سيطرا علي الوجود العسكري الفرنسي في الساحل سيعتمد علي مشاركه الدول الاخري في قوه تاكوبا العسكريه التي تقاتل المتشددين في منطقه الساحل الي جانب الجيشين في مالي ونيجيريا وقال ان المجر واليونان وصربيا ترغب في الانضمام الي القوه الدوليه التي تشمل عده دول اوروبيه والتي تحارب الجماعات المسلحه في منطقه الساحل,Maghreb,TRI,Libya,Tripoli,Modern Standard Arabic,Modern Standard Arabic,Modern Standard Arabic,2.3106100425952004e-07,1.8203961057682633e-06,1.4011250447753474e-08,2.5374028328279423e-06,2.0616842336235945e-06,4.847515974085803e-06,1.477876430652551e-06,6.84519842653775e-08,0.00024495439530087577,7.250803922682314e-06,6.961745242222185e-07,9.170825367488326e-05,3.646257058064941e-07,1.822645694414296e-05,3.638062569986348e-06,0.00010611497284777461,1.579382546647246e-06,0.001338547190198998,0.08973561072565732,2.9120457157710777e-08,6.0522454021600976e-05,7.794836309398829e-06,8.942830797633656e-05,4.6783730081969575e-06,0.9082753348840422,4.6258047583118573e-07
30,"وكان أسطول بحر البلطيق الروسي أفاد في بيان أمس الاثنين بأن 3 قطع بحرية روسية ستشارك في المناورات، موضحا أن الأخيرة ستشمل ""تحرير سفينة تجارية مختطفة من قبل قراصنة"" وتمارين على إطفاء الحرائق في عرض البحر.",JAZ,وكان اسطول بحر البلطيق الروسي افاد في بيان امس الاثنين بان 3 قطع بحريه روسيه ستشارك في المناورات موضحا ان الاخيره ستشمل تحرير سفينه تجاريه مختطفه من قبل قراصنه وتمارين علي اطفاء الحرائق في عرض البحر,الروسي افاد في بيان امس الاثنين بان 3 قطع بحريه روسيه ستشارك في المناورات موضحا ان الاخيره ستشمل تحرير سفينه تجاريه مختطفه من قبل قراصنه وتمارين علي اطفاء الحرائق في عرض البحر,Gulf of Aden,SAN,Yemen,Sana'a,Modern Standard Arabic,Modern Standard Arabic,Modern Standard Arabic,1.4383248813247575e-06,2.182628781243791e-06,1.4919410736000745e-07,1.8891187585538366e-05,1.0637096169908774e-05,4.704161663460532e-05,4.119917716352353e-05,5.477236878279629e-07,0.0027163663871409556,2.3838655697153465e-05,1.182731074417489e-05,0.06249844176411144,6.37741749431363e-07,0.00104305650262698,4.11904078860349e-05,0.0002414891309315637,2.1925531150370036e-05,4.495651646649995e-06,0.001566231539236331,9.573251685860555e-08,0.004460308888365183,0.00012480838529802728,0.9193651284485949,4.0890862001511965e-06,0.007753746361024324,2.355260683089628e-07
31,ورغم انتشار المركبات المدرعة والجنود في بعض المدن الرئيسية في ميانمار مطلع الأسبوع الحالي، واصل المحتجون حملتهم لرفض الحكم العسكري والمطالبة بإطلاق سراح سوتشي، إذ أوقف المحتجون خدمة القطارات بين يانغون -كبرى مدن البلاد- ومدينة ماولاميني الساحلية الواقع جنوبي البلاد.,JAZ,ورغم انتشار المركبات المدرعه والجنود في بعض المدن الرئيسيه في ميانمار مطلع الاسبوع الحالي واصل المحتجون حملتهم لرفض الحكم العسكري والمطالبه باطلاق سراح سوتشي اذ اوقف المحتجون خدمه القطارات بين يانغون كبري مدن البلاد ومدينه ماولاميني الساحليه الواقع جنوبي البلاد,والجنود في بعض المدن الرئيسيه في ميانمار مطلع الاسبوع الحالي واصل المحتجون حملتهم لرفض الحكم العسكري والمطالبه باطلاق سراح سوتشي اذ اوقف المحتجون خدمه القطارات بين يانغون كبري مدن البلاد ومدينه ماولاميني الساحليه الواقع جنوبي البلاد,Gulf of Aden,SAN,Yemen,Sana'a,Modern Standard Arabic,Modern Standard Arabic,Modern Standard Arabic,9.652793336898301e-06,1.002222439715359e-05,4.0392870007073566e-07,0.00012330839788274794,1.4484062091055917e-05,4.4638403314318454e-05,6.689160034229334e-05,1.8951612025165225e-06,0.001237937760852421,9.291411582382858e-05,5.705866937996026e-05,0.0066764617663076726,1.0818354486980593e-06,0.002067938255647427,0.00015109822358568318,0.008657829592397276,3.5370375045123235e-05,3.6542054762374886e-06,0.007379923470375683,3.063623181737155e-07,0.011421100805730548,0.0004778151337998034,0.8979672916297142,3.631456528340347e-05,0.06346319485532952,1.4118062171896216e-06
32,"وتحدثت المبعوثة الخاصة للأمم المتحدة كريستين شرانر بورغنر أمس الاثنين إلى نائب رئيس المجلس العسكري، وقال المتحدث باسم الأمم المتحدة فرحان حق ""شددت شرانر بورغنر على وجوب الاحترام الكامل للحق في التجمع السلمي، وعدم تعرض المتظاهرين لأعمال انتقامية"".",JAZ,وتحدثت المبعوثه الخاصه للامم المتحده كريستين شرانر بورغنر امس الاثنين الي نائب رئيس المجلس العسكري وقال المتحدث باسم الامم المتحده فرحان حق شددت شرانر بورغنر علي وجوب الاحترام الكامل للحق في التجمع السلمي وعدم تعرض المتظاهرين لاعمال انتقاميه,المتحده كريستين شرانر بورغنر امس الاثنين الي نائب رئيس المجلس العسكري وقال المتحدث باسم الامم المتحده فرحان حق شددت شرانر بورغنر علي وجوب الاحترام الكامل للحق في التجمع السلمي وعدم تعرض المتظاهرين لاعمال انتقاميه,Gulf,RIY,Saudi Arabia,Riyadh,Modern Standard Arabic,Modern Standard Arabic,Modern Standard Arabic,5.800352460233356e-06,3.528746948429415e-05,3.643730114179492e-07,5.435219963024604e-05,7.959858435959411e-06,0.0001241528535561671,0.0003186512984815656,2.3982551863392268e-06,0.2938227188966977,1.4860197274436265e-05,3.968685001652231e-05,0.1976250574052243,7.756526860354387e-06,0.003420013357263532,0.00010134528152647314,0.00015341268468369658,9.242661050259928e-05,4.930835085829516e-06,0.01627153797947974,3.3714879973861676e-07,0.4477826273254051,0.0012777417268552485,0.0016542307290009957,0.00010656367474707652,0.0370702917590118,5.494351318677918e-06
33,ويقول حسين للجزيرة نت إن إثيوبيا، ومن دون إبلاغ السودان، عمدت في الملء الأول لتعبئة 4.5 مليارات متر مكعب في أسبوع واحد فقط في شهر يوليو/تموز الماضي، بينما كان يمكن ملء الكمية ذاتها في وقت أطول وخلال أغسطس/آب السابق الذي يشهد ذروة الفيضان، وهو ما كان سيقلل من أضرار الفيضان.,JAZ,ويقول حسين للجزيره نت ان اثيوبيا ومن دون ابلاغ السودان عمدت في الملء الاول لتعبئه 45 مليارات متر مكعب في اسبوع واحد فقط في شهر يوليوتموز الماضي بينما كان يمكن ملء الكميه ذاتها في وقت اطول وخلال اغسطساب السابق الذي يشهد ذروه الفيضان وهو ما كان سيقلل من اضرار الفيضان,ان اثيوبيا ومن دون ابلاغ السودان عمدت في الملء الاول لتعبئه 45 مليارات متر مكعب في اسبوع واحد فقط في شهر يوليوتموز الماضي بينما كان يمكن ملء الكميه ذاتها في وقت اطول وخلال اغسطساب السابق الذي يشهد ذروه الفيضان وهو ما كان سيقلل من اضرار الفيضان,Gulf,MUS,Oman,Muscat,Modern Standard Arabic,Modern Standard Arabic,Modern Standard Arabic,1.4332473964180336e-08,1.9059349996689804e-07,1.351002980064341e-09,5.760044742954944e-08,1.191684657757269e-08,1.8603355006309746e-07,1.1284234065115883e-07,7.438486419496653e-09,4.1319189183274365e-07,7.758616418286566e-08,5.774312397001778e-08,6.798144256104421e-07,1.1625210096405887e-07,6.029028829809178e-07,2.5912993295987987e-08,2.4409495706922036e-06,2.786792761957196e-07,0.0001858223569068055,0.9997856467059861,1.87230757754185e-09,2.0086239538102377e-05,5.447723864703772e-07,2.3461542573577508e-06,3.545449368600536e-08,2.2006788139298427e-07,2.1235164746695738e-08
34,ويوضح عوض أن إدارته اعتادت كل عام فتح بوابات الخزانات في الأول من يوليو/تموز لتصريف المياه المخزنة استعدادا لاستقبال وتخزين مياه النيل في فترة الفيضان، لكنها هذا العام ستفرغ السدود يوم 31 يوليو/تموز المقبل.,JAZ,ويوضح عوض ان ادارته اعتادت كل عام فتح بوابات الخزانات في الاول من يوليوتموز لتصريف المياه المخزنه استعدادا لاستقبال وتخزين مياه النيل في فتره الفيضان لكنها هذا العام ستفرغ السدود يوم 31 يوليوتموز المقبل,اعتادت كل عام فتح بوابات الخزانات في الاول من يوليوتموز لتصريف المياه المخزنه استعدادا لاستقبال وتخزين مياه النيل في فتره الفيضان لكنها هذا العام ستفرغ السدود يوم 31 يوليوتموز المقبل,Modern Standard Arabic,MSA,Modern Standard Arabic,Modern Standard Arabic,Modern Standard Arabic,Modern Standard Arabic,Modern Standard Arabic,4.037571149154919e-07,1.0939779113506297e-05,2.0267740684517535e-07,1.6032310949424145e-06,4.3715038055770144e-07,5.9601369027514285e-06,3.7838089761188494e-06,1.7721063339859698e-07,2.0558326707008478e-05,1.3095015777291129e-06,1.503235277395196e-06,1.4066576301416935e-05,4.04693081350353e-06,5.886408159255291e-05,1.95612944746228e-06,0.00010394484554257138,1.7715270832239259e-06,0.961373005342357,0.02948341038262958,1.1831865832898648e-07,0.008746567653567324,4.986293262219048e-06,0.00012799898108041584,1.718580013082164e-05,1.4229276272175676e-05,9.69046076164479e-07
35,ويكشف المسؤول السوداني للجزيرة نت أن ما حال دون تلاقي وجهات النظر حول سد النهضة أنه منذ بدء التفاوض غلب على الوفد المفاوض المصري رجال المخابرات، وعلى الوفد الإثيوبي القانونيون، وعلى الوفد السوداني الفنيون.,JAZ,ويكشف المسؤول السوداني للجزيره نت ان ما حال دون تلاقي وجهات النظر حول سد النهضه انه منذ بدء التفاوض غلب علي الوفد المفاوض المصري رجال المخابرات وعلي الوفد الاثيوبي القانونيون وعلي الوفد السوداني الفنيون,نت ان ما حال دون تلاقي وجهات النظر حول سد النهضه انه منذ بدء التفاوض غلب علي الوفد المفاوض المصري رجال المخابرات وعلي الوفد الاثيوبي القانونيون وعلي الوفد السوداني الفنيون,Maghreb,TRI,Libya,Tripoli,Modern Standard Arabic,Modern Standard Arabic,Modern Standard Arabic,3.585594892342146e-05,6.31844674784345e-06,5.531253291579561e-07,0.002317339043479163,6.210298636518813e-06,0.0031614395376951755,0.004250037851278965,1.1266534738370508e-05,0.0013207399411589262,9.06592594597734e-05,0.0002030553661754553,0.0028085935382991256,7.953689039463089e-07,0.01878262846351231,0.0004414716831081615,0.00432122400460558,0.0005415090985455521,7.412279919960625e-05,0.0033568297351417088,1.6927845306650878e-07,0.02453365207361691,0.0010967455612312471,0.0008240926038596026,4.402329501039845e-06,0.931809772190026,5.159183733300568e-07
36,وبحسب موقع ذا هيل، فهذه أعلى نسبة من المواطنين الأميركيين تعبر عن حاجة البلد لحزب ثالث منذ أن بدأت غالوب استطلاع الآراء حول هذه المسألة عام 2003. ويشير الاستطلاع أيضا إلى ثاني أقل نسبة مئوية من الأشخاص الذين قالوا إن الأحزاب الحالية كافية بعد أن قال 26% من المشاركين ذلك في استطلاع أكتوبر/تشرين الأول 2013.,JAZ,وبحسب موقع ذا هيل فهذه اعلي نسبه من المواطنين الاميركيين تعبر عن حاجه البلد لحزب ثالث منذ ان بدات غالوب استطلاع الاراء حول هذه المساله عام 2003 ويشير الاستطلاع ايضا الي ثاني اقل نسبه مئويه من الاشخاص الذين قالوا ان الاحزاب الحاليه كافيه بعد ان قال 26 من المشاركين ذلك في استطلاع اكتوبرتشرين الاول 2013,فهذه اعلي نسبه من المواطنين الاميركيين تعبر عن حاجه البلد لحزب ثالث منذ ان بدات غالوب استطلاع الاراء حول هذه المساله عام 2003 ويشير الاستطلاع ايضا الي ثاني اقل نسبه مئويه من الاشخاص الذين قالوا ان الاحزاب الحاليه كافيه بعد ان قال 26 من المشاركين ذلك في استطلاع اكتوبرتشرين الاول 2013,Gulf of Aden,SAN,Yemen,Sana'a,Modern Standard Arabic,Modern Standard Arabic,Modern Standard Arabic,2.128525578813992e-08,2.0415868496293227e-07,8.115008191389708e-09,1.8977325504176075e-07,6.180388298848283e-08,4.721396608041569e-06,5.400135304657055e-06,1.0865662217459843e-08,3.564391756452277e-05,7.513026119297599e-07,1.7395166220800327e-07,0.0004978039667726552,2.664608702397358e-08,2.2026311940337407e-05,5.921822429468225e-08,1.6522414580403643e-05,1.519980244639749e-05,9.960273201658464e-05,0.008495178096563772,2.162235716791478e-09,0.007092434126358365,5.811323200551296e-06,0.9836966100296884,1.369481973227088e-06,1.0152981403254623e-05,1.4001008361743373e-08
37,وتستند نتائج استطلاع غالوب إلى ردود عينة من 906 من الأميركيين البالغين موزعين على جميع الولايات الخمسين، بالإضافة إلى واشنطن العاصمة، وذلك خلال الفترة من 21 يناير/كانون الثاني الماضي إلى 2 فبراير/شباط الحالي، ويقدر هامش الخطأ في هذا الاستطلاع بأربع نقاط مئوية.,JAZ,وتستند نتائج استطلاع غالوب الي ردود عينه من 906 من الاميركيين البالغين موزعين علي جميع الولايات الخمسين بالاضافه الي واشنطن العاصمه وذلك خلال الفتره من 21 ينايركانون الثاني الماضي الي 2 فبرايرشباط الحالي ويقدر هامش الخطا في هذا الاستطلاع باربع نقاط مئويه,الي ردود عينه من 906 من الاميركيين البالغين موزعين علي جميع الولايات الخمسين بالاضافه الي واشنطن العاصمه وذلك خلال الفتره من 21 ينايركانون الثاني الماضي الي 2 فبرايرشباط الحالي ويقدر هامش الخطا في هذا الاستطلاع باربع نقاط مئويه,Gulf,BAG,Iraq,Baghdad,Modern Standard Arabic,Modern Standard Arabic,Modern Standard Arabic,8.657310490890487e-06,0.00014265246286553857,1.5572738306624453e-07,1.918236525534327e-05,1.1664431664720716e-06,0.6749946547197834,0.025741803626672093,2.7082041305121806e-06,0.0008060260163368349,9.0870328196171e-06,1.2299570812394617e-05,0.0001293251539978203,8.54625444656822e-06,5.7191973561018114e-05,1.0889629838513154e-05,0.00023800158976496606,0.0016233265970460864,0.00015810043542423822,0.2597642202855927,1.3149372634054625e-06,0.003172553654836728,0.00048533968303618306,0.0008856921129279631,0.0071429216991097085,0.02451083308464064,7.334942879747037e-05
38,"وأشار إلى ما وصفه بتوازن بايدن الذهبي، وهو تحالف عالمي للديمقراطيات لمواجهة الصين بشكل جماعي، الذي وعد به في حملته الانتخابية، وهو ما أطلق عليه ""قمة للديمقراطية"" لتجديد الروح والهدف المشترك لدول العالم الحر.",JAZ,واشار الي ما وصفه بتوازن بايدن الذهبي وهو تحالف عالمي للديمقراطيات لمواجهه الصين بشكل جماعي الذي وعد به في حملته الانتخابيه وهو ما اطلق عليه قمه للديمقراطيه لتجديد الروح والهدف المشترك لدول العالم الحر,بتوازن بايدن الذهبي وهو تحالف عالمي للديمقراطيات لمواجهه الصين بشكل جماعي الذي وعد به في حملته الانتخابيه وهو ما اطلق عليه قمه للديمقراطيه لتجديد الروح والهدف المشترك لدول العالم الحر,Modern Standard Arabic,MSA,Modern Standard Arabic,Modern Standard Arabic,Modern Standard Arabic,Modern Standard Arabic,Modern Standard Arabic,8.320308360555574e-06,5.3696518781840295e-06,3.1603618667334376e-07,4.552715407803599e-05,1.8075861845086493e-06,8.492941091085401e-05,3.610226323084519e-05,2.726928591563008e-06,0.00022155602005135872,5.490449292576712e-06,4.786904529404794e-05,0.00016146668626863613,5.288081526529476e-07,0.0003957744676415499,0.0001001966205461909,0.0009715018518225898,1.3838150242691769e-05,0.9580189017025753,0.018750038117699,7.950690981626447e-08,0.017936329588956978,9.373751348875166e-05,0.0029948172360910277,6.6284678362810895e-06,9.556195252717876e-05,5.844751823033401e-07
39,وأردف الكاتب أنه لكي ينجح التحالف المبدئي الجديد للديمقراطيات ضد الصين يجب أن تكون مكوناته ديمقراطية، بمعنى أن الضغط على الصين بشأن حقوق الإنسان مع تجاهل الانتهاكات الجسيمة من قبل الحلفاء ليس نظرة جيدة للزعيم الجديد للعالم الحر، لا سيما أن بايدن يقدم نفسه على أنه النقيض الأخلاقي لسلفه دونالد ترامب.,JAZ,واردف الكاتب انه لكي ينجح التحالف المبدئي الجديد للديمقراطيات ضد الصين يجب ان تكون مكوناته ديمقراطيه بمعني ان الضغط علي الصين بشان حقوق الانسان مع تجاهل الانتهاكات الجسيمه من قبل الحلفاء ليس نظره جيده للزعيم الجديد للعالم الحر لا سيما ان بايدن يقدم نفسه علي انه النقيض الاخلاقي لسلفه دونالد ترامب,ينجح التحالف المبدئي الجديد للديمقراطيات ضد الصين يجب ان تكون مكوناته ديمقراطيه بمعني ان الضغط علي الصين بشان حقوق الانسان مع تجاهل الانتهاكات الجسيمه من قبل الحلفاء ليس نظره جيده للزعيم الجديد للعالم الحر لا سيما ان بايدن يقدم نفسه علي انه النقيض الاخلاقي لسلفه دونالد ترامب,Gulf,MUS,Oman,Muscat,Modern Standard Arabic,Modern Standard Arabic,Modern Standard Arabic,5.463266281384247e-06,1.9725264674666442e-05,5.155414437548946e-07,3.5504426865535274e-05,9.813684798350046e-06,0.0005484388534663729,0.000168439619452236,1.2820260456629575e-06,0.0004002867622862954,5.206872860837846e-05,3.025538136900092e-05,0.03218586643284787,7.836973499330865e-06,0.0011320438543658228,1.6778668393953904e-05,0.0012910827769392805,0.0005328195009338391,0.00452553047868589,0.9239179300978898,1.3360581063586772e-06,0.030126683600408228,0.00015889818549679206,0.003162217933026842,3.673360015007699e-06,0.0016648518752572178,6.566488423107385e-07
40,وفي أول تعليق رسمي له على أزمة اليمين الدستورية، توجّه رئيس الجمهورية قيس سعيد برسالة مطولة إلى رئيس الحكومة مساء اليوم الاثنين، لم تخل من طابع اللوم والتهجم بعبارات لاذعة، اتهمه خلالها بخرق فصول من الدستور ذات علاقة بالتعديل الوزاري.,JAZ,وفي اول تعليق رسمي له علي ازمه اليمين الدستوريه توجه رئيس الجمهوريه قيس سعيد برساله مطوله الي رئيس الحكومه مساء اليوم الاثنين لم تخل من طابع اللوم والتهجم بعبارات لاذعه اتهمه خلالها بخرق فصول من الدستور ذات علاقه بالتعديل الوزاري,له علي ازمه اليمين الدستوريه توجه رئيس الجمهوريه قيس سعيد برساله مطوله الي رئيس الحكومه مساء اليوم الاثنين لم تخل من طابع اللوم والتهجم بعبارات لاذعه اتهمه خلالها بخرق فصول من الدستور ذات علاقه بالتعديل الوزاري,Maghreb,TRI,Libya,Tripoli,Modern Standard Arabic,Modern Standard Arabic,Modern Standard Arabic,1.2360506644033955e-05,3.4938760009146054e-05,1.5575712013037741e-06,0.00010299398986851479,8.152083716391584e-06,0.02839649343342888,0.006871895332582775,4.624911810465265e-06,0.0059359967422311045,4.4043521840722074e-05,0.0001050025780767784,0.000936623714334186,8.819884813435647e-07,0.0020344019874429767,0.0001636757089017717,0.004451918140642059,0.14365130244295252,0.0005262827993887943,0.051579219703894494,8.322498598560059e-08,0.02808397130868253,0.0028388952252996363,0.16254404256419144,0.00014540219078846835,0.5615227946791165,2.444889487268866e-06
41,وقال النائب عن حركة النهضة محمد القوماني في حديثه للجزيرة نت إن استكمال المشيشي إقالة 5 وزراء في الحكومة الحالية، إضافة لثلاثة سابقين، وما ستحدثه من شغور في الحكومة، يعد خطوة متقدمة في التعقيد القانوني والسياسي الذي بلغه الصراع بين رأسي السلطة التنفيذية.,JAZ,وقال النائب عن حركه النهضه محمد القوماني في حديثه للجزيره نت ان استكمال المشيشي اقاله 5 وزراء في الحكومه الحاليه اضافه لثلاثه سابقين وما ستحدثه من شغور في الحكومه يعد خطوه متقدمه في التعقيد القانوني والسياسي الذي بلغه الصراع بين راسي السلطه التنفيذيه,النهضه محمد القوماني في حديثه للجزيره نت ان استكمال المشيشي اقاله 5 وزراء في الحكومه الحاليه اضافه لثلاثه سابقين وما ستحدثه من شغور في الحكومه يعد خطوه متقدمه في التعقيد القانوني والسياسي الذي بلغه الصراع بين راسي السلطه التنفيذيه,Gulf of Aden,SAN,Yemen,Sana'a,Modern Standard Arabic,Modern Standard Arabic,Modern Standard Arabic,1.5179646075286117e-07,9.044166528269553e-07,1.1503766305106475e-08,1.3392789231717742e-06,5.582146951876501e-07,2.1070255024438993e-06,9.401255326474027e-07,4.681553688083891e-08,7.710563438629256e-05,3.2780922280403257e-06,1.0091740258558647e-06,0.0008401698385708014,6.726287739317644e-08,4.813824713145488e-05,1.398178317038477e-06,5.749099514595222e-05,3.506237010274461e-06,2.2201958674296648e-05,0.0007443883475444427,8.426897669876647e-09,0.0011293937028909354,9.788822296649475e-06,0.9970079255163834,2.6169912352228744e-06,4.529905251512528e-05,1.543447988495775e-07
42,من جهته، يعطي النائب عن الكتلة الديمقراطية المعارضة في البرلمان عبد الرزاق عويدات الحق من الناحية القانونية لرئيس الحكومة بإدخال تغييرات على تركيبة حكومته، لكنه يؤكد بالمقابل أن الخطوة تطرح أزمة من الناحية السياسية في العلاقة برئيس الجمهورية الرافض للتعديل الوزاري برمته.,JAZ,من جهته يعطي النائب عن الكتله الديمقراطيه المعارضه في البرلمان عبد الرزاق عويدات الحق من الناحيه القانونيه لرئيس الحكومه بادخال تغييرات علي تركيبه حكومته لكنه يؤكد بالمقابل ان الخطوه تطرح ازمه من الناحيه السياسيه في العلاقه برئيس الجمهوريه الرافض للتعديل الوزاري برمته,عن الكتله الديمقراطيه المعارضه في البرلمان عبد الرزاق عويدات الحق من الناحيه القانونيه لرئيس الحكومه بادخال تغييرات علي تركيبه حكومته لكنه يؤكد بالمقابل ان الخطوه تطرح ازمه من الناحيه السياسيه في العلاقه برئيس الجمهوريه الرافض للتعديل الوزاري برمته,Maghreb,TRI,Libya,Tripoli,Modern Standard Arabic,Modern Standard Arabic,Modern Standard Arabic,7.000367073597312e-07,5.26455836253287e-07,8.483311360857231e-07,1.5736472270198005e-05,2.8944602802668437e-05,5.604679943669184e-06,6.28199423134919e-06,4.856862132905856e-07,0.0003540155252615483,0.00019592951127460543,3.5185493868426026e-06,0.001455156074411052,7.543611772145435e-08,0.0003214098595678751,3.5314201964110916e-05,0.00016409298715938772,1.4742877319523084e-05,4.2447308753374216e-07,0.0001634366153835311,2.1490793144213183e-08,0.001006530074152967,2.330552586547218e-05,0.07371331408014871,1.441101571210366e-06,0.9224880202621737,1.230952202640892e-07
43,وأكد كزدغلي أن المشيشي بإحداثه هذا الكم من الشغور الوزاري في ظل أزمة اقتصادية واجتماعية خانقة، أراد أن يرمي بالمسؤولية على عاتق رئيس الجمهورية من خلال تحميله بشكل غير مباشر وزر ومسؤولية تعطل عمل الحكومة برفضه التعديل الوزاري.,JAZ,واكد كزدغلي ان المشيشي باحداثه هذا الكم من الشغور الوزاري في ظل ازمه اقتصاديه واجتماعيه خانقه اراد ان يرمي بالمسؤوليه علي عاتق رئيس الجمهوريه من خلال تحميله بشكل غير مباشر وزر ومسؤوليه تعطل عمل الحكومه برفضه التعديل الوزاري,باحداثه هذا الكم من الشغور الوزاري في ظل ازمه اقتصاديه واجتماعيه خانقه اراد ان يرمي بالمسؤوليه علي عاتق رئيس الجمهوريه من خلال تحميله بشكل غير مباشر وزر ومسؤوليه تعطل عمل الحكومه برفضه التعديل الوزاري,Gulf of Aden,SAN,Yemen,Sana'a,Modern Standard Arabic,Modern Standard Arabic,Modern Standard Arabic,2.0110601738855475e-06,2.5874217299583017e-06,5.069104771956955e-07,9.083387954012503e-06,4.786553363954198e-06,0.00017197840902526037,9.09332941006768e-05,4.424006918130831e-07,0.0001668979446234398,3.036808891293529e-05,4.937332095865176e-06,0.00032189441800596646,1.7469487678510014e-07,0.0003745155595284911,4.888352279267043e-06,0.00019594440091111245,0.0019753821636682932,3.5378037633582022e-06,0.001253253516292893,5.6356340272008505e-08,0.3104460530009493,7.225405653002453e-05,0.6843641272230159,2.8262555074727774e-06,0.0004997681079939409,7.912871879738294e-07
44,وخلال لقائه الأمين العام للاتحاد التونسي للشغل نور الدين الطبوبي مؤخرا، قال سعيد إنه غير مستعد على الإطلاق لأن يتراجع عن مبادئه، وإنه أقسم على احترام الدستور.,JAZ,وخلال لقائه الامين العام للاتحاد التونسي للشغل نور الدين الطبوبي مؤخرا قال سعيد انه غير مستعد علي الاطلاق لان يتراجع عن مبادئه وانه اقسم علي احترام الدستور,للاتحاد التونسي للشغل نور الدين الطبوبي مؤخرا قال سعيد انه غير مستعد علي الاطلاق لان يتراجع عن مبادئه وانه اقسم علي احترام الدستور,Maghreb,TRI,Libya,Tripoli,Modern Standard Arabic,Modern Standard Arabic,Modern Standard Arabic,0.0001460540134546445,2.0499848332029415e-05,8.259666218173942e-06,0.0004013318560626966,7.168787387000624e-05,0.3370487465407559,0.004084240998754921,1.427541147138766e-05,0.0006163794440456927,0.0003182163533159489,0.00037431280310059743,0.0006762554017403418,5.1945393213624155e-06,0.002844836678465673,0.000328158739193729,0.0031346653677350625,0.0024353680698930066,3.5988109130500686e-05,0.0017033301301207962,3.0418701838982047e-06,0.012052154132445094,0.0005969995914055395,0.001138033946757868,9.175169209449374e-06,0.6319299306907388,2.862754277017711e-06
45,"وأضافت ""سيتم بحث البرنامج السياسي لحكومة الائتلاف وتفاصيله حين تشكيلها، وستكون مهمتها الأساسية التشريعات والقوانين ومعالجة تداعيات الانقسام وآثاره"" مؤكدة أنّ الجبهة الديمقراطية ""غالبًا ستشارك في الحكومة"".",JAZ,واضافت سيتم بحث البرنامج السياسي لحكومه الائتلاف وتفاصيله حين تشكيلها وستكون مهمتها الاساسيه التشريعات والقوانين ومعالجه تداعيات الانقسام واثاره مؤكده ان الجبهه الديمقراطيه غالبا ستشارك في الحكومه,السياسي لحكومه الائتلاف وتفاصيله حين تشكيلها وستكون مهمتها الاساسيه التشريعات والقوانين ومعالجه تداعيات الانقسام واثاره مؤكده ان الجبهه الديمقراطيه غالبا ستشارك في الحكومه,Maghreb,TRI,Libya,Tripoli,Modern Standard Arabic,Modern Standard Arabic,Modern Standard Arabic,3.308424598245745e-06,2.3085295765150453e-06,6.151119337949016e-06,4.954084451921267e-05,0.0002839232084489654,2.704784817933715e-05,1.9594696491137285e-05,8.135111093657051e-07,0.0032034732564993167,0.004647253342147388,1.8536913665782355e-05,0.0032817422940882718,3.449513399339007e-07,0.0021329907879953543,7.834065818865469e-05,0.00048821020170762856,8.745436138655939e-06,1.9422639684404013e-07,0.00023221763996917358,1.3554435788056244e-07,0.0015367585666440887,5.5761751303619154e-05,0.007794714184993872,9.802073466289484e-06,0.9761172166653975,8.733234389416063e-07
46,"وقالت ""سي إن إن"" في تقرير لها اليوم إن السلطات الصينية منعت خبراء منظمة الصحة من الوصول إلى نتائج فحوص مئات الآلاف من عينات الدم التي أخذت في ووهان (مهد المرض) مع بداية الجائحة، وأضاف رئيس بعثة المنظمة أن السلطات الصينية لم تسمح للبعثة، التي ضمت علماء من منظمة الصحة وآخرين صينيين، بالوصول إلا إلى عينات جزئية من الإصابات الأولى بفيروس كورونا المستجد.",JAZ,وقالت سي ان ان في تقرير لها اليوم ان السلطات الصينيه منعت خبراء منظمه الصحه من الوصول الي نتائج فحوص مئات الالاف من عينات الدم التي اخذت في ووهان مهد المرض مع بدايه الجائحه واضاف رئيس بعثه المنظمه ان السلطات الصينيه لم تسمح للبعثه التي ضمت علماء من منظمه الصحه واخرين صينيين بالوصول الا الي عينات جزئيه من الاصابات الاولي بفيروس كورونا المستجد,في تقرير لها اليوم ان السلطات الصينيه منعت خبراء منظمه الصحه من الوصول الي نتائج فحوص مئات الالاف من عينات الدم التي اخذت في ووهان مهد المرض مع بدايه الجائحه واضاف رئيس بعثه المنظمه ان السلطات الصينيه لم تسمح للبعثه التي ضمت علماء من منظمه الصحه واخرين صينيين بالوصول الا الي عينات جزئيه من الاصابات الاولي بفيروس كورونا المستجد,Gulf,MUS,Oman,Muscat,Modern Standard Arabic,Modern Standard Arabic,Modern Standard Arabic,4.461105969007359e-07,3.153528724526479e-06,5.538633178658069e-08,3.745788255762256e-06,6.714642639822125e-07,7.541864604106974e-05,3.81529473669888e-05,1.9127380163138793e-07,0.007165199592585792,3.5763486884646115e-06,2.167950286045624e-06,0.0002201805254562482,5.335813711279908e-07,8.805224282545242e-05,3.0917954687087276e-06,0.0005244481023773056,0.00021475457946374638,0.00016461642381518474,0.9800473369948658,2.868306271650345e-08,0.002853128379766808,9.698804190007828e-05,0.000816857240601247,1.390490118137875e-06,0.007675666596970843,1.472849934708416e-07
47,عاش البدري فرغلي طفولة وصفها بالقاسية، وكان مرادف القسوة هو الفقر الذي عانت منه أسرته، لذلك لم يستكمل تعليمه واكتفى بالشهادة الابتدائية، ليخرج إلى سوق العمل ويساعد والده في تحصيل دخل يساعد في تربية بقية إخوته.,JAZ,عاش البدري فرغلي طفوله وصفها بالقاسيه وكان مرادف القسوه هو الفقر الذي عانت منه اسرته لذلك لم يستكمل تعليمه واكتفي بالشهاده الابتدائيه ليخرج الي سوق العمل ويساعد والده في تحصيل دخل يساعد في تربيه بقيه اخوته,وصفها بالقاسيه وكان مرادف القسوه هو الفقر الذي عانت منه اسرته لذلك لم يستكمل تعليمه واكتفي بالشهاده الابتدائيه ليخرج الي سوق العمل ويساعد والده في تحصيل دخل يساعد في تربيه بقيه اخوته,Gulf of Aden,SAN,Yemen,Sana'a,Modern Standard Arabic,Modern Standard Arabic,Modern Standard Arabic,3.201785486336852e-06,1.2026228248426298e-05,7.461378215740679e-07,2.74032814000332e-05,9.179021973034123e-06,0.0001183854348627051,9.065500923752044e-05,3.8534297053463106e-07,0.003460571824139838,5.135769564541861e-05,8.17405190745426e-06,0.00016944281641966842,1.1606822525818654e-06,0.00032885716633534974,3.5726188013712675e-05,0.010213771968194642,0.00010587412787292969,0.014167239749585166,0.10564888379581455,1.0124928700617763e-07,0.03966141026280537,6.228255228375208e-05,0.8215132218311462,3.6391273778260355e-05,0.004270697304618652,2.8532178995446992e-06
48,وفي حديث مع وكالة الأناضول خلال زيارته لتركيا برفقة وزير الخارجية، أشار مفتي إلى إمكانية حل الأزمة الحدودية بين البلدين في منطقة الفشقة الحدودية بالطرق الدبلوماسية. وأوضح أن بلاده لا تفكر في الحرب في الوقت الحالي، مضيفا: سنشعر بالامتنان إذا عرضت تركيا القيام بدور الوساطة بيننا.,JAZ,وفي حديث مع وكاله الاناضول خلال زيارته لتركيا برفقه وزير الخارجيه اشار مفتي الي امكانيه حل الازمه الحدوديه بين البلدين في منطقه الفشقه الحدوديه بالطرق الدبلوماسيه واوضح ان بلاده لا تفكر في الحرب في الوقت الحالي مضيفا سنشعر بالامتنان اذا عرضت تركيا القيام بدور الوساطه بيننا,الاناضول خلال زيارته لتركيا برفقه وزير الخارجيه اشار مفتي الي امكانيه حل الازمه الحدوديه بين البلدين في منطقه الفشقه الحدوديه بالطرق الدبلوماسيه واوضح ان بلاده لا تفكر في الحرب في الوقت الحالي مضيفا سنشعر بالامتنان اذا عرضت تركيا القيام بدور الوساطه بيننا,Maghreb,TRI,Libya,Tripoli,Modern Standard Arabic,Modern Standard Arabic,Modern Standard Arabic,8.229023419261427e-07,6.096037576530207e-06,3.40844036657382e-07,1.0930907449752872e-05,2.0223353210947235e-05,8.905709804609534e-06,5.488246232485277e-06,2.7674603847714987e-07,0.004069171553976814,0.0001833022150517067,2.58566723975377e-06,0.00021938653994629673,1.0550800712156071e-07,0.00016822288951073093,1.3434502343647162e-05,5.834319923929284e-05,4.870495995120044e-06,6.217835710645724e-07,0.0020107481619094994,3.04680901804125e-08,0.0014144591700613507,4.809715478836726e-05,0.002596203130378322,1.5776954682174155e-05,0.9891364277828916,5.12807562560879e-06
49,وفي الضفة الغربية يخشى تلاميذ المدارس من نقاط التفتيش والغاز المدمع والجرافات. وبالنسبة لنا في قطاع غزة نخشى سقوط القنابل من السماء ومستعدون للقفز من مقاعدنا في أي لحظة خلال الفصل، مع أنه لا يجب أن يشعر أي طفل بهذا الشعور.,JAZ,وفي الضفه الغربيه يخشي تلاميذ المدارس من نقاط التفتيش والغاز المدمع والجرافات وبالنسبه لنا في قطاع غزه نخشي سقوط القنابل من السماء ومستعدون للقفز من مقاعدنا في اي لحظه خلال الفصل مع انه لا يجب ان يشعر اي طفل بهذا الشعور,تلاميذ المدارس من نقاط التفتيش والغاز المدمع والجرافات وبالنسبه لنا في قطاع غزه نخشي سقوط القنابل من السماء ومستعدون للقفز من مقاعدنا في اي لحظه خلال الفصل مع انه لا يجب ان يشعر اي طفل بهذا الشعور,Modern Standard Arabic,MSA,Modern Standard Arabic,Modern Standard Arabic,Modern Standard Arabic,Modern Standard Arabic,Modern Standard Arabic,8.833813303938697e-07,1.2067918127952935e-05,1.499366523891611e-07,7.435818600932248e-06,1.4893219266004936e-06,5.540528672937731e-05,2.498963567058047e-05,1.1707352405631648e-07,0.00013064642129851213,2.219859803022738e-06,6.66091602856282e-06,0.00011387574984142795,1.48583927759108e-06,0.00015806785563031922,2.6104764796356344e-06,0.0024947918165765864,8.432873011459717e-05,0.8208253980686758,0.01973839030084168,1.408955146382649e-07,0.014112233075549142,3.894635075320921e-05,0.1416147909173624,2.0054181659267883e-06,0.0005703009939705606,5.679415538748016e-07
