,sentence,label,stripped sentence,predict_region,predict_label,predict_country,predict_city,region,country,city,Aleppo,Algiers,Alexandria,Amman,Aswan,Baghdad,Basra,Beirut,Benghazi,Cairo,Damascus,Doha,Fes,Jeddha,Jerusalem,Khartoum,Mosul,Modern Standard Arabic,Muscat,Rabat,Riyadh,Salt,Sana'a,Sfax,Tripoli,Tunis,sentence tokens,length of sentence
0,ياربي تسهل على كل شاب طموح مجتهد و تحققلوا كل ما يتمناه,RAB,ياربي تسهل على كل شاب طموح مجتهد و تحققلوا كل ما يتمناه,Gulf,RIY,Saudi Arabia,Riyadh,Maghreb,Morocco,Rabat,1.1545021555883938e-05,4.3518618202371204e-05,5.849325973449482e-07,0.0001407297732986851,2.1799206968985696e-06,1.3592491269892135e-05,2.915612093791825e-05,8.462673482213425e-06,0.011382897173501737,8.39944677743919e-06,8.281498764809738e-05,0.000250391153117941,2.4673769316388435e-07,0.0006119156229371054,0.0007939397088035129,0.0005663133372086043,1.9519853211835538e-05,3.8014823757841705e-06,0.002759705142050752,9.31578554822411e-07,0.9805267725404955,0.0022554604201268044,5.5772120995576535e-05,0.00020036666174644022,0.00021982737177682584,1.1155108936834758e-05,"['ياربي', 'تسهل', 'على', 'كل', 'شاب', 'طموح', 'مجتهد', 'و', 'تحققلوا', 'كل', 'ما', 'يتمناه']",12
1,الله يرحم ليكم الوالدين أنا ختكم أرملة بغيت شي مردي الولدين لي يعوني في سبيل الله بي حليب والكوش او شي حوايج واخة اكونو قدام,RAB,الله يرحم ليكم الوالدين أنا ختكم أرملة بغيت شي مردي الولدين لي يعوني في سبيل الله بي حليب والكوش او شي حوايج واخة اكونو قدام,Maghreb,FES,Morocco,Fes,Maghreb,Morocco,Rabat,1.3680442539087804e-07,1.802654055700939e-06,2.422309304349191e-09,1.2543726771451872e-07,4.9780757520985e-08,1.5500490215298867e-07,1.9991653738118875e-07,4.670332573145914e-08,1.5841321587974677e-06,6.000243066177797e-08,2.195677720321273e-07,0.0019997354772016704,0.9834351022304035,1.255855766226322e-06,7.453639993324418e-08,6.67182071014674e-07,2.0236862332574365e-08,7.082534306115342e-09,1.125290033713032e-06,0.014554281522652307,2.8529962164147795e-07,2.521792614075788e-07,4.3284326793489885e-07,8.03343965985919e-07,1.3569152883325183e-06,2.1757872724447484e-07,"['الله', 'يرحم', 'ليكم', 'الوالدين', 'أنا', 'ختكم', 'أرملة', 'بغيت', 'شي', 'مردي', 'الولدين', 'لي', 'يعوني', 'في', 'سبيل', 'الله', 'بي', 'حليب', 'والكوش', 'او', 'شي', 'حوايج', 'واخة', 'اكونو', 'قدام']",25
2,أو مواد غذائية الله يتبت أجركم الله يرحمنا ويرحمكم دنية وآخرة أنا ساكنه في مراكش,RAB,أو مواد غذائية الله يتبت أجركم الله يرحمنا ويرحمكم دنية وآخرة أنا ساكنه في مراكش,Modern Standard Arabic,MSA,Modern Standard Arabic,Modern Standard Arabic,Maghreb,Morocco,Rabat,0.000989449646818997,0.0001893149117640728,4.584680538362245e-05,0.007846957178535693,0.00012926196546173194,7.31075383377336e-05,3.0467184697194697e-05,6.567546018537572e-05,0.0040216701735717696,0.0005017637998108133,0.0032052583573040044,0.005054890660525489,5.668416261492836e-05,0.001429038693187813,0.0058258084966891135,0.008402334093146379,8.538350106971685e-07,0.6839192844530955,0.27399779356157217,1.2495348205400497e-05,0.0027374634130587334,0.0006891272007088912,0.00014967671991923011,9.791258653223297e-05,0.0005232933511287183,4.570402733986531e-06,"['أو', 'مواد', 'غذائية', 'الله', 'يتبت', 'أجركم', 'الله', 'يرحمنا', 'ويرحمكم', 'دنية', 'وآخرة', 'أنا', 'ساكنه', 'في', 'مراكش']",15
3,سير الله يسهل عليك ما صعاب و يعطيك ما تمنيت فهاد الليلة,RAB,سير الله يسهل عليك ما صعاب و يعطيك ما تمنيت فهاد الليلة,Maghreb,RAB,Morocco,Rabat,Maghreb,Morocco,Rabat,9.349574119911817e-06,0.00021667093372289132,1.835535763115301e-07,4.1157247449951574e-05,3.4445552056671666e-07,9.481794330923484e-06,1.1889707889252346e-05,1.4412210267987934e-05,0.00027127580830274924,3.818737328611821e-06,4.1045996888190314e-05,0.00011215059505237967,0.0024404599295492924,5.849930010685171e-05,5.1137150355747914e-05,4.2499121548824595e-05,1.7263210803271206e-06,2.6307371617035253e-07,3.465936367491888e-05,0.9189313159170697,9.164097212009759e-05,0.00021965689226102444,7.844040974251352e-06,0.02411297242660113,0.0008582693781455231,0.05241727549834642,"['سير', 'الله', 'يسهل', 'عليك', 'ما', 'صعاب', 'و', 'يعطيك', 'ما', 'تمنيت', 'فهاد', 'الليلة']",12
4,بغيت غير شي واحد يكون فايق يسمع هاد الدعيوة,RAB,بغيت غير شي واحد يكون فايق يسمع هاد الدعيوة,Maghreb,RAB,Morocco,Rabat,Maghreb,Morocco,Rabat,1.2144696158193334e-08,2.2142709131810465e-08,3.2271702772810505e-11,2.6050000133153476e-09,4.414733200945714e-11,3.7437550848747777e-10,4.0038514888310336e-10,2.6935902754394966e-10,8.940521985702983e-10,8.164027943230365e-11,4.450800721901085e-09,4.293002816130675e-08,0.0019225768567045758,3.231613526512513e-10,7.74650118175819e-11,4.113216883198169e-10,8.245537151143998e-11,1.3213762164709342e-11,5.584507746112728e-10,0.9980773303178488,2.623850808623499e-10,1.9649031251377598e-09,2.595738021828466e-10,1.327282821021325e-10,1.951864077509503e-09,4.1845894122356624e-10,"['بغيت', 'غير', 'شي', 'واحد', 'يكون', 'فايق', 'يسمع', 'هاد', 'الدعيوة']",9
5,مازالت العنصرية على أصحاب البشرة السوداء,RAB,مازالت العنصرية على أصحاب البشرة السوداء,Maghreb,BEN,Libya,Benghazi,Maghreb,Morocco,Rabat,0.001685776915273881,0.19804741459502806,0.0010832652450186299,0.030289074989160485,0.0009077315264306458,0.0019002936728155118,0.0022460296027614905,0.0005249913928321716,0.23026456056669925,0.003741387805044257,0.019797346378452922,0.009143014442549592,0.019453027126415796,0.08664692710871955,0.030667427743216867,0.004038582337017296,3.983441769130309e-05,0.00011834117402107554,0.02907414359507354,0.1947703397130008,0.08276843300665507,0.03451669189068005,0.0006977937092029035,0.0068902392790672114,0.0006876242650261238,0.009999707502145377,"['مازالت', 'العنصرية', 'على', 'أصحاب', 'البشرة', 'السوداء']",6
6,شحال من واحد دابا متكي على الوسادة ديالو مهموم كيخمم فالمستقبل,RAB,شحال من واحد دابا متكي على الوسادة ديالو مهموم كيخمم فالمستقبل,Maghreb,FES,Morocco,Fes,Maghreb,Morocco,Rabat,5.337592050585714e-11,7.753523195543069e-05,1.4963937274816756e-10,4.296322136012217e-10,1.8445549434828698e-10,1.3220459631681238e-10,1.1195583058611209e-10,1.5783476469013103e-11,1.6219531793645754e-09,2.5052673171040863e-10,2.6494641477636997e-10,5.410649547744565e-10,0.7495210823638557,2.160562525926115e-09,2.0292736733948705e-10,1.2472066695540679e-09,9.929323767780728e-12,4.0315252534616907e-11,1.150776388213906e-09,0.25040137175226257,3.0844591356435847e-10,6.676120145924988e-10,7.8983065684947e-11,4.1433637262658723e-10,3.1425837705018427e-10,3.0103500690954474e-10,"['شحال', 'من', 'واحد', 'دابا', 'متكي', 'على', 'الوسادة', 'ديالو', 'مهموم', 'كيخمم', 'فالمستقبل']",11
7,معالم بيه غير الله سير الله يسرلك طريقك و يسهل أمورك,RAB,معالم بيه غير الله سير الله يسرلك طريقك و يسهل أمورك,Maghreb,TRI,Libya,Tripoli,Maghreb,Morocco,Rabat,4.011059250163925e-06,9.620384771873259e-05,8.84909291072191e-07,9.55670059599218e-06,4.624379364055366e-06,4.5512334975925444e-05,2.172465057867543e-05,2.0582633152322398e-06,0.02942309247565712,2.2584495000480508e-05,1.7967257825346955e-05,0.00024459647378855226,1.5331598787094807e-06,0.0001775980343446442,1.8937167828597684e-05,0.00010510754035767723,1.1778787147803103e-06,1.4746197115654204e-07,6.750347189486411e-05,3.077159210401802e-05,0.0018242720197210141,8.045159766441415e-05,0.00010493553524098181,0.0030811688035964732,0.9645947868251677,1.8792064153554284e-05,"['معالم', 'بيه', 'غير', 'الله', 'سير', 'الله', 'يسرلك', 'طريقك', 'و', 'يسهل', 'أمورك']",11
8,لي باقي سهران يشرفنا بالحي ديالو ولي خارج الرباط يكتب المدينة ديالو مرحبا بكم فالصفحة,RAB,لي باقي سهران يشرفنا بالحي ديالو ولي خارج الرباط يكتب المدينة ديالو مرحبا بكم فالصفحة,Maghreb,RAB,Morocco,Rabat,Maghreb,Morocco,Rabat,4.228564951106134e-08,0.00012794076677811824,5.530702031647066e-10,5.418703504436574e-08,3.040034290013402e-09,1.2470398636501351e-08,2.164695295203657e-08,8.682836204427689e-09,1.9955729431328077e-07,7.473637878374708e-09,9.544799764451347e-08,7.532155443982046e-06,0.08111031984885039,6.459480054917544e-06,3.4980095100412004e-08,2.1729651322246727e-07,1.1300578184803947e-09,1.539157701316281e-09,2.1428168986033973e-07,0.9187455388663909,8.644668510074322e-07,1.3031782771022834e-07,2.3314874092337531e-07,1.545371419251798e-08,3.717167154864069e-08,1.3751256045255978e-08,"['لي', 'باقي', 'سهران', 'يشرفنا', 'بالحي', 'ديالو', 'ولي', 'خارج', 'الرباط', 'يكتب', 'المدينة', 'ديالو', 'مرحبا', 'بكم', 'فالصفحة']",15
9,الي هبطتي مع هاد الشارع للي فصورة حتى الاخير خاص واحد القنطرة تما باش تخفف على شارع الجيش الملكي,RAB,الي هبطتي مع هاد الشارع للي فصورة حتى الاخير خاص واحد القنطرة تما باش تخفف على شارع الجيش الملكي,Maghreb,FES,Morocco,Fes,Maghreb,Morocco,Rabat,2.230932796584122e-08,2.1295464901149186e-06,1.2311562320405473e-09,1.5680464911965693e-07,3.945383181004724e-09,1.62989387342767e-08,2.3199937656105797e-08,1.2557867311216143e-09,2.762280297968964e-07,4.465657516888601e-09,4.788438244834113e-08,5.56030938505056e-08,0.7980530076901631,1.12646295292201e-07,1.256789183561442e-08,1.4804722528986506e-08,4.934253968992015e-09,7.852520170136024e-10,1.1897198066171209e-07,0.20193957016973252,2.1503392604800305e-08,2.321919732480162e-06,2.0195501038354467e-08,1.1686097973613148e-06,2.489578051518884e-07,6.374706458787519e-07,"['الي', 'هبطتي', 'مع', 'هاد', 'الشارع', 'للي', 'فصورة', 'حتى', 'الاخير', 'خاص', 'واحد', 'القنطرة', 'تما', 'باش', 'تخفف', 'على', 'شارع', 'الجيش', 'الملكي']",19
10,فالوقت لي الرسول صلى الله عليه وسلم أوصى بالرفق بالحيوان .. ناض هدا لي فالصورة قام بتعذيب قط هزو وبقا كيدورو بيدو وسيبو فالسماء معرفتش أصلا أش عملو ؟ واش حنا مراض لهاد الدراجة ؟ مابغيتش نبوسطيه باش مانمرطكومشي,RAB,فالوقت لي الرسول صلى الله عليه وسلم أوصى بالرفق بالحيوان  ناض هدا لي فالصورة قام بتعذيب قط هزو وبقا كيدورو بيدو وسيبو فالسماء معرفتش أصلا أش عملو  واش حنا مراض لهاد الدراجة  مابغيتش نبوسطيه باش مانمرطكومشي,Maghreb,RAB,Morocco,Rabat,Maghreb,Morocco,Rabat,2.317990502581219e-09,0.00024168866174238167,4.360672473368413e-10,5.967056733397234e-09,1.699793611087583e-09,1.2864057014099099e-09,4.840884795588294e-10,6.837499709192907e-10,3.2408201244822826e-08,1.3917292997221317e-09,2.815914670277029e-09,3.5692968433443624e-08,0.004133461056758766,1.7272704007230313e-08,8.975617272396388e-09,9.02503498299567e-09,2.868307115462932e-10,2.824458073513393e-10,9.901880254704982e-09,0.9956208820079409,8.220476740317832e-09,3.4451300633523636e-09,7.1581159951348835e-09,6.36515064989241e-08,3.7384220848809296e-06,1.644776501509336e-08,"['فالوقت', 'لي', 'الرسول', 'صلى', 'الله', 'عليه', 'وسلم', 'أوصى', 'بالرفق', 'بالحيوان', 'ناض', 'هدا', 'لي', 'فالصورة', 'قام', 'بتعذيب', 'قط', 'هزو', 'وبقا', 'كيدورو', 'بيدو', 'وسيبو', 'فالسماء', 'معرفتش', 'أصلا', 'أش', 'عملو', 'واش', 'حنا', 'مراض', 'لهاد', 'الدراجة', 'مابغيتش', 'نبوسطيه', 'باش', 'مانمرطكومشي']",36
11,نعم شفتو هدو اصلان معندهمش تربيا مقدا معرفنش اش خصهم يدرو وشنو لمخصهمش يدرو تيضحكو معرستهم بحلي شيء عدي ولكن غيجبها غ فرسو يمهل ولا يهمل,RAB,نعم شفتو هدو اصلان معندهمش تربيا مقدا معرفنش اش خصهم يدرو وشنو لمخصهمش يدرو تيضحكو معرستهم بحلي شيء عدي ولكن غيجبها غ فرسو يمهل ولا يهمل,Maghreb,FES,Morocco,Fes,Maghreb,Morocco,Rabat,0.00023600745451311526,3.9509560299660154e-05,7.079291574220066e-07,8.698252532241599e-06,1.999577386238728e-06,6.977293919216469e-06,9.165119918291156e-06,1.159696481142559e-06,7.408018196987439e-05,1.4497322942380893e-05,1.1490355463347616e-05,1.5269734563549177e-05,0.9968587250130412,0.0008216632948591558,1.7398459420565113e-05,2.1016805243770277e-05,3.744293033418846e-06,8.705597910994618e-07,0.00018185606261019233,0.0008279673613976272,0.0007433574396729056,3.909471508937907e-05,4.3921333734525135e-06,1.4080443908469525e-05,4.114013821657834e-05,5.1308011956051e-06,"['نعم', 'شفتو', 'هدو', 'اصلان', 'معندهمش', 'تربيا', 'مقدا', 'معرفنش', 'اش', 'خصهم', 'يدرو', 'وشنو', 'لمخصهمش', 'يدرو', 'تيضحكو', 'معرستهم', 'بحلي', 'شيء', 'عدي', 'ولكن', 'غيجبها', 'غ', 'فرسو', 'يمهل', 'ولا', 'يهمل']",26
12,شنو هما البلايص اللي كيعجبكم التمشاو فيهم فالرباط ليلا,RAB,شنو هما البلايص اللي كيعجبكم التمشاو فيهم فالرباط ليلا,Maghreb,RAB,Morocco,Rabat,Maghreb,Morocco,Rabat,1.3501677013742849e-09,5.654897851727565e-07,5.064848552014436e-10,1.076204013108199e-08,2.066851696034711e-09,1.1489324824728136e-08,2.472435820257432e-08,1.1009067908054847e-09,6.454507994464232e-08,2.8369146297685057e-09,1.7017775207158274e-09,1.5042935853814165e-06,0.0233534840711593,6.935953758074867e-08,1.638107973057906e-09,1.1223802993163127e-08,1.17668407507008e-09,1.0038396189061213e-10,4.647012178870943e-09,0.9766440680198331,1.3851811568386345e-08,1.0185092387931853e-08,8.764226738657799e-09,8.221799695136362e-08,3.352545107746556e-08,2.0351623209721326e-08,"['شنو', 'هما', 'البلايص', 'اللي', 'كيعجبكم', 'التمشاو', 'فيهم', 'فالرباط', 'ليلا']",9
13,الرباط المدينة الي تقدر تبغيها و تعشقها غير من الصور أما الواقع شي حاجة أخرى,RAB,الرباط المدينة الي تقدر تبغيها و تعشقها غير من الصور أما الواقع شي حاجة أخرى,Maghreb,RAB,Morocco,Rabat,Maghreb,Morocco,Rabat,4.2718414732889484e-09,3.6375403629751035e-06,1.0410055795968643e-09,2.7824179183954386e-09,7.410649562826487e-10,2.7054342099799952e-09,1.9031513569144214e-09,5.642471233571444e-10,6.623754660070801e-05,1.746661376054897e-09,2.7874156874533155e-09,3.2104940016227625e-08,0.017776605393335396,1.818876446209977e-08,6.5920335051609224e-09,1.5570755613971047e-08,9.37372963087823e-11,9.57941820609565e-10,2.2572570250452003e-07,0.9821523969152341,6.809972517679823e-08,1.4954150382294716e-08,2.6393293829412966e-09,8.844427163108031e-09,6.240044663378154e-07,8.628525347588131e-08,"['الرباط', 'المدينة', 'الي', 'تقدر', 'تبغيها', 'و', 'تعشقها', 'غير', 'من', 'الصور', 'أما', 'الواقع', 'شي', 'حاجة', 'أخرى']",15
14,انا ديرو لي غير الرفيسة والله تنجي نبارك لكم,RAB,انا ديرو لي غير الرفيسة والله تنجي نبارك لكم,Gulf,RAB,Morocco,Rabat,Maghreb,Morocco,Rabat,3.990455687991529e-06,0.00028534193284289656,8.009260396570764e-07,7.36130148618885e-06,7.939244875384436e-06,2.9302478165653484e-05,0.00022045217994329854,3.593721103811456e-06,0.0015152664371069948,1.1365932581390743e-05,1.273207798553171e-05,0.48092588307719725,0.0025315009149828004,0.003308209015582064,5.65583093810162e-06,0.0008252379478060763,4.964962116538442e-06,1.20999889430412e-07,0.0005837843310968098,0.48338607469235256,0.019084650537858985,0.0001271554813129602,0.005457476222170724,0.0007311878667129924,0.0008436963399180493,8.625509224581065e-05,"['انا', 'ديرو', 'لي', 'غير', 'الرفيسة', 'والله', 'تنجي', 'نبارك', 'لكم']",9
15,ملي تمشي للگاراج تصاوب سيارتك ديما كاين واحد الولد صغير يتعلم تما ...يحل و يسد و ينضف و يسيق و يمسح و يتجرح و لكبيرة و الصغيرة في راسو,RAB,ملي تمشي للگاراج تصاوب سيارتك ديما كاين واحد الولد صغير يتعلم تما يحل و يسد و ينضف و يسيق و يمسح و يتجرح و لكبيرة و الصغيرة في راسو,Maghreb,RAB,Morocco,Rabat,Maghreb,Morocco,Rabat,1.3704296505863645e-06,0.029217872512250567,8.314437722066299e-08,1.7716218284273975e-06,3.0360254587070377e-07,4.824942493466114e-07,1.344333837820882e-06,1.468329318658606e-06,0.0034076962709222417,5.453601221379043e-06,3.456669098349757e-06,8.22242679013899e-06,0.3052816702121027,1.7706881592765077e-05,9.294401444321049e-05,6.362675336918751e-05,1.3777338869647316e-07,3.9890054948271224e-08,4.8345198662763656e-06,0.6590626662667927,9.827145641208725e-05,0.00013144706655787654,2.0773284844830595e-06,0.0016435265875717475,0.0008482701054523574,0.00010325570782028712,"['ملي', 'تمشي', 'للگاراج', 'تصاوب', 'سيارتك', 'ديما', 'كاين', 'واحد', 'الولد', 'صغير', 'يتعلم', 'تما', 'يحل', 'و', 'يسد', 'و', 'ينضف', 'و', 'يسيق', 'و', 'يمسح', 'و', 'يتجرح', 'و', 'لكبيرة', 'و', 'الصغيرة', 'في', 'راسو']",29
16,غير هما لعندوم الكرش حنا نموتو ولا نغرقو ميهمهش الا اعمرو كرشوم لمشكل مكيشبعوش كيفترسو كلشي أرضا وبرا وبحرا وجوا وما تحت الارض غدي نتحاسبو أمام الله . كل ساق سيسقا بما سقا,OUJ,غير هما لعندوم الكرش حنا نموتو ولا نغرقو ميهمهش الا اعمرو كرشوم لمشكل مكيشبعوش كيفترسو كلشي أرضا وبرا وبحرا وجوا وما تحت الارض غدي نتحاسبو أمام الله  كل ساق سيسقا بما سقا,Maghreb,FES,Morocco,Fes,Maghreb,Morocco,Oujda,0.0005120655931925232,0.0030231754181710624,6.11925882551006e-05,0.00025963662988125414,3.535441859384795e-05,2.5787634094309444e-05,5.5830242183316335e-05,2.7329924963164945e-05,0.011126268543292434,5.925339408440372e-05,0.0007055780673667415,0.0013143740752376862,0.9563658274319465,0.004547642004607988,0.00048021200386195746,0.00010050541418134573,8.986264858604702e-06,1.1624386069717632e-06,0.0002229643659341522,0.013304823753131382,0.0038534258866655953,0.0006066893626138237,7.927293352462178e-05,0.0002878322125516266,0.002739641436315567,0.00019516796188386314,"['غير', 'هما', 'لعندوم', 'الكرش', 'حنا', 'نموتو', 'ولا', 'نغرقو', 'ميهمهش', 'الا', 'اعمرو', 'كرشوم', 'لمشكل', 'مكيشبعوش', 'كيفترسو', 'كلشي', 'أرضا', 'وبرا', 'وبحرا', 'وجوا', 'وما', 'تحت', 'الارض', 'غدي', 'نتحاسبو', 'أمام', 'الله', 'كل', 'ساق', 'سيسقا', 'بما', 'سقا']",32
17,هادوك الناس ناضو يهدروا على حقهم البطالة كترت عندهم لحقاش بلعولهوم الحدود ومدارولهمش البديل وغادي يديرولهم ونتا بقا حاضي ناس عوض ماديروا يد فيد وتهظرو على حقكم اوا بقاو ناعسين وحاضيين الناس,OUJ,هادوك الناس ناضو يهدروا على حقهم البطالة كترت عندهم لحقاش بلعولهوم الحدود ومدارولهمش البديل وغادي يديرولهم ونتا بقا حاضي ناس عوض ماديروا يد فيد وتهظرو على حقكم اوا بقاو ناعسين وحاضيين الناس,Maghreb,FES,Morocco,Fes,Maghreb,Morocco,Oujda,9.040660045856059e-05,0.0008128031004306265,5.1424945362407505e-06,0.0007011061266738476,9.96619969157309e-06,3.877344083937835e-05,0.0001246932680833018,6.769292083545637e-06,0.0011527593764038668,1.725503075178291e-05,0.0001202734066964925,0.0015197506487963986,0.704930309150343,0.0015408184998999127,0.0021010078892103423,5.891170505287891e-05,4.553691276846811e-06,1.3435464188172086e-07,0.00010922843334115196,0.28406114904591945,0.0006285802643060811,0.0017651287271422873,2.7764941543181285e-05,1.918731250444186e-05,0.00014454107189498702,8.985927477843614e-06,"['هادوك', 'الناس', 'ناضو', 'يهدروا', 'على', 'حقهم', 'البطالة', 'كترت', 'عندهم', 'لحقاش', 'بلعولهوم', 'الحدود', 'ومدارولهمش', 'البديل', 'وغادي', 'يديرولهم', 'ونتا', 'بقا', 'حاضي', 'ناس', 'عوض', 'ماديروا', 'يد', 'فيد', 'وتهظرو', 'على', 'حقكم', 'اوا', 'بقاو', 'ناعسين', 'وحاضيين', 'الناس']",32
18,السكوم...وفالناضور يكولولو براغوش...كيجي واعر مع البيض..اخويا دفتر نتاع نمر شفناه . ديال دبع موحال,OUJ,السكوموفالناضور يكولولو براغوشكيجي واعر مع البيضاخويا دفتر نتاع نمر شفناه  ديال دبع موحال,Maghreb,RAB,Morocco,Rabat,Maghreb,Morocco,Oujda,2.8055106781039336e-08,7.361271093910323e-07,5.167387466258238e-10,2.8957808764057896e-08,7.359548337925395e-10,6.749269480322204e-09,2.3895764297411698e-09,5.461134949528173e-09,1.469922808719506e-07,2.483791168911117e-09,3.7191046284457645e-08,8.350436136362794e-08,0.0005129695112410536,3.923683454611705e-08,2.765530235874052e-08,7.443324104899195e-09,7.755531934461888e-10,5.1166095404697104e-11,7.656710428079894e-09,0.9994856722727726,1.7503856717669307e-08,4.581257846025234e-08,1.962185371125797e-09,4.063273896781714e-08,6.412552294927116e-08,2.619603416879722e-08,"['السكوموفالناضور', 'يكولولو', 'براغوشكيجي', 'واعر', 'مع', 'البيضاخويا', 'دفتر', 'نتاع', 'نمر', 'شفناه', 'ديال', 'دبع', 'موحال']",13
19,السلام عليكم الاخوان ناس وجدة الله يجزيكم بالخير كاين واحد السيد الولد ديالو يالاه تزاد مريد الرجل ديالو عوجة بغا يدسرلو عملية باش تسكد نيشان و ملقاش باش الدري حتا هو يالاه تزوج و خدام غير كل مرة فاش يلاه يجيب باش يعيشو هو و الزوجة ديالو الله يخليكم اللي قدر يعاونو ولا يتساعد معاه لوجه اللة و ديك الملائكة يعاونهوم,OUJ,السلام عليكم الاخوان ناس وجدة الله يجزيكم بالخير كاين واحد السيد الولد ديالو يالاه تزاد مريد الرجل ديالو عوجة بغا يدسرلو عملية باش تسكد نيشان و ملقاش باش الدري حتا هو يالاه تزوج و خدام غير كل مرة فاش يلاه يجيب باش يعيشو هو و الزوجة ديالو الله يخليكم اللي قدر يعاونو ولا يتساعد معاه لوجه اللة و ديك الملائكة يعاونهوم,Maghreb,RAB,Morocco,Rabat,Maghreb,Morocco,Oujda,1.698631082855796e-10,6.721850069434315e-06,4.62661673122113e-11,3.9618202070597386e-10,1.6730557418004455e-10,1.0365758412953292e-10,2.4933791822187134e-10,1.1459327799407243e-10,3.692633970468931e-09,4.2453051517581124e-10,1.5208555346014517e-10,8.842315608954056e-10,0.0002077456379761954,2.5367992955973e-09,3.310249685080898e-10,1.0951894383793404e-09,1.234883651817274e-10,1.2361591660597072e-11,1.9051143131395232e-10,0.9997853574980854,6.942971040326197e-10,1.2190272317373609e-09,4.815585863006114e-10,1.3151784064948226e-07,1.3869355482626938e-08,1.6541727469896417e-08,"['السلام', 'عليكم', 'الاخوان', 'ناس', 'وجدة', 'الله', 'يجزيكم', 'بالخير', 'كاين', 'واحد', 'السيد', 'الولد', 'ديالو', 'يالاه', 'تزاد', 'مريد', 'الرجل', 'ديالو', 'عوجة', 'بغا', 'يدسرلو', 'عملية', 'باش', 'تسكد', 'نيشان', 'و', 'ملقاش', 'باش', 'الدري', 'حتا', 'هو', 'يالاه', 'تزوج', 'و', 'خدام', 'غير', 'كل', 'مرة', 'فاش', 'يلاه', 'يجيب', 'باش', 'يعيشو', 'هو', 'و', 'الزوجة', 'ديالو', 'الله', 'يخليكم', 'اللي', 'قدر', 'يعاونو', 'ولا', 'يتساعد', 'معاه', 'لوجه', 'اللة', 'و', 'ديك', 'الملائكة', 'يعاونهوم']",61
20,ميمكنش تكون طلع نازل و تشوف هاد تصويرة و متحطش جادووغ,OUJ,ميمكنش تكون طلع نازل و تشوف هاد تصويرة و متحطش جادووغ,Maghreb,RAB,Morocco,Rabat,Maghreb,Morocco,Oujda,0.0002143192607793522,0.000511049086763583,1.731619216626875e-07,7.897828816834459e-05,1.699999406015253e-07,3.3848251656001536e-06,2.6880009951078216e-06,1.6077003972347582e-05,4.373160816682519e-05,4.4901819009307e-06,0.0018399720494976244,9.347996150660395e-06,0.08964623602746742,3.958593494750313e-06,5.681672049050395e-05,4.078564554686541e-06,7.75679050114058e-08,3.487224415798317e-09,2.6071899101379476e-06,0.8983622512157824,3.724616684492141e-06,0.009127665230480485,2.500302142419814e-07,1.7173223499641056e-05,4.063480833998818e-05,1.0141260528936803e-05,"['ميمكنش', 'تكون', 'طلع', 'نازل', 'و', 'تشوف', 'هاد', 'تصويرة', 'و', 'متحطش', 'جادووغ']",11
21,ولد لعبيد دارها فالمسلمين وهما مبليين بالكراسي والكروش,OUJ,ولد لعبيد دارها فالمسلمين وهما مبليين بالكراسي والكروش,Maghreb,RAB,Morocco,Rabat,Maghreb,Morocco,Oujda,0.0012241303563749312,0.004518051996311449,3.7510050082080754e-05,0.0021553479093244453,4.528788627900069e-05,0.0006685705406929354,0.0007951547868220836,0.0010643154045511531,0.005396273686831383,0.00014839705970034467,0.004590427179664573,0.004999693510563168,0.0028923490100814697,0.005005947516755027,0.002696735599541981,0.0006703825976287893,3.957993385584146e-05,1.6416136059110508e-06,0.0007627712921010221,0.949299712253121,0.0035152021221890534,0.004135997803574125,0.00021568417362709456,0.00043521478535281144,0.004559710289471244,0.00012591064189703904,"['ولد', 'لعبيد', 'دارها', 'فالمسلمين', 'وهما', 'مبليين', 'بالكراسي', 'والكروش']",8
22,ناصر الزفزافي كاع لفديو ديال مظاهرة كيقولهم حنا مكنظربوش حنا كنهدرو واها الكدابين هدوك المخزن تفو علهم,OUJ,ناصر الزفزافي كاع لفديو ديال مظاهرة كيقولهم حنا مكنظربوش حنا كنهدرو واها الكدابين هدوك المخزن تفو علهم,Maghreb,FES,Morocco,Fes,Maghreb,Morocco,Oujda,2.1411402533193376e-09,1.575712434153323e-06,1.9715936523418833e-09,9.917839898568437e-09,5.09994396181603e-09,7.684107987813119e-09,1.3207830238322896e-08,1.1694644759579242e-09,1.0901916765548243e-07,5.9661987193310686e-09,9.205388201911068e-09,1.9612544177088383e-08,0.9985281000789109,8.416351561246267e-08,8.975147976082159e-09,1.4182199560253796e-08,5.231314222497794e-10,2.1443742137042747e-10,1.674778779958387e-08,0.0014698197998472514,9.386131797994417e-09,2.80908138066591e-08,5.982720429051128e-09,1.4259806787016477e-08,1.3351708215291231e-07,3.370813630170885e-09,"['ناصر', 'الزفزافي', 'كاع', 'لفديو', 'ديال', 'مظاهرة', 'كيقولهم', 'حنا', 'مكنظربوش', 'حنا', 'كنهدرو', 'واها', 'الكدابين', 'هدوك', 'المخزن', 'تفو', 'علهم']",17
23,انا محلو بخليها وعم مهلن ل يطلعوها ويقلن هذا الموجود ويعزم امرأة من رفقات امو ل عندا بالمستشفى احتفالا بسلامتها ويطوشن ليدفعولو هني مليون و يقولولو دخيلك خذها وفل,BEI,انا محلو بخليها وعم مهلن ل يطلعوها ويقلن هذا الموجود ويعزم امرأة من رفقات امو ل عندا بالمستشفى احتفالا بسلامتها ويطوشن ليدفعولو هني مليون و يقولولو دخيلك خذها وفل,Gulf,DOH,Qatar,Doha,Levant,Lebanon,Beirut,1.7613119407726466e-05,3.9896544469016224e-05,1.2133127755939534e-06,5.6840968568519054e-05,7.700991453091047e-06,0.0003056968674570083,0.0011689001827865331,4.817666600645155e-05,0.0005593751349034591,2.212659440480393e-05,4.789258106997551e-05,0.529055224827555,2.0200818402948587e-06,0.0004451780161545248,7.834804930287956e-05,5.4374618797204264e-05,0.00019477023682426732,1.3734118319455237e-06,0.0022247998520788736,3.205638300507416e-06,0.015777875147743568,0.02138987138115312,0.4255397178971347,0.00040949073647063305,0.0001442400012505327,0.002404077140259853,"['انا', 'محلو', 'بخليها', 'وعم', 'مهلن', 'ل', 'يطلعوها', 'ويقلن', 'هذا', 'الموجود', 'ويعزم', 'امرأة', 'من', 'رفقات', 'امو', 'ل', 'عندا', 'بالمستشفى', 'احتفالا', 'بسلامتها', 'ويطوشن', 'ليدفعولو', 'هني', 'مليون', 'و', 'يقولولو', 'دخيلك', 'خذها', 'وفل']",29
24,ليليان انحرمت من طفلها في غيبوبة في بعد أبشع واقسى من قلب والد الطفل ونزعه من أمه وهذا حصل في فترة غيبوبة ليليان في إنفجار مرفأ بيروت ولادهم راحت قيمتها الله يكون بعون الاهل وولادهم ويمرر هلازمة ع خير,BEI,ليليان انحرمت من طفلها في غيبوبة في بعد أبشع واقسى من قلب والد الطفل ونزعه من أمه وهذا حصل في فترة غيبوبة ليليان في إنفجار مرفأ بيروت ولادهم راحت قيمتها الله يكون بعون الاهل وولادهم ويمرر هلازمة ع خير,Modern Standard Arabic,MSA,Modern Standard Arabic,Modern Standard Arabic,Levant,Lebanon,Beirut,3.906256053024597e-05,0.00011683213079193285,1.4457939887181725e-06,8.491291066323838e-05,5.339815163411159e-06,6.543654206949911e-06,8.47578163923095e-06,3.728878072742276e-06,0.00020358354098510637,6.142793338999086e-05,3.981030821426699e-05,0.00041826367692488197,3.1423419177870426e-06,0.00018720793588272066,0.00014497701039483123,0.004440441453561286,1.1974352549529533e-06,0.591266709397451,0.4005839951399555,2.3144565221349233e-07,0.0017526883175119515,0.0001025872462742523,5.6045340474428066e-05,8.705792733774051e-05,0.00037674785493532477,7.544168825364576e-06,"['ليليان', 'انحرمت', 'من', 'طفلها', 'في', 'غيبوبة', 'في', 'بعد', 'أبشع', 'واقسى', 'من', 'قلب', 'والد', 'الطفل', 'ونزعه', 'من', 'أمه', 'وهذا', 'حصل', 'في', 'فترة', 'غيبوبة', 'ليليان', 'في', 'إنفجار', 'مرفأ', 'بيروت', 'ولادهم', 'راحت', 'قيمتها', 'الله', 'يكون', 'بعون', 'الاهل', 'وولادهم', 'ويمرر', 'هلازمة', 'ع', 'خير']",39
25,الله يجمعك فيه لابنك بأقرب وقت وربنا ما بروح لك تعبك وعذابك ياحبيبت قلبي اعطي دعم لنفسك وكوني قويه وربنا معك حبي مستحيل تصير ببلدنا للأسف شعب اغلبه بتشغلوا المظاهر والعنصرية بكل اشكالها مريض,BEI,الله يجمعك فيه لابنك بأقرب وقت وربنا ما بروح لك تعبك وعذابك ياحبيبت قلبي اعطي دعم لنفسك وكوني قويه وربنا معك حبي مستحيل تصير ببلدنا للأسف شعب اغلبه بتشغلوا المظاهر والعنصرية بكل اشكالها مريض,Levant,DAM,Syria,Damascus,Levant,Lebanon,Beirut,0.00584075117453254,1.1369776857597292e-06,2.071204967171497e-06,0.025029929603288745,2.1769874160092712e-05,2.8596013832848202e-05,5.862050004663582e-05,0.0012896986093501278,0.01348056502080679,2.662232777624734e-05,0.6931410816205865,0.019166720405339566,2.0263028588952132e-07,0.0036169042463553664,0.15449161701436082,1.3084419480453723e-05,3.958600578322508e-06,2.853850163946885e-07,0.00031868681366596115,1.0804879254138306e-07,0.00519211228659278,0.07684075469253047,0.0012818580424290836,2.6149222341015293e-06,0.00014902592593930164,1.2236393655789565e-06,"['الله', 'يجمعك', 'فيه', 'لابنك', 'بأقرب', 'وقت', 'وربنا', 'ما', 'بروح', 'لك', 'تعبك', 'وعذابك', 'ياحبيبت', 'قلبي', 'اعطي', 'دعم', 'لنفسك', 'وكوني', 'قويه', 'وربنا', 'معك', 'حبي', 'مستحيل', 'تصير', 'ببلدنا', 'للأسف', 'شعب', 'اغلبه', 'بتشغلوا', 'المظاهر', 'والعنصرية', 'بكل', 'اشكالها', 'مريض']",34
26,ان شالله يارب يفرجها عليكم ويطبق القانون ويرتاح راسكم وتتفضوا لدرسكم امين البعض ما بيعرف كيف ولادنا عايشين بايطاليا بالقلة بالتقشف بالاكل والملبس وكيف الاهل عمبحولوا لولادهم اجار السكن سعر الدولار حتى ما ينطردوا برا وينذلوا ويخسروا علمهم بس اديش الاهل قادرين يصمدوا ع هالوضع,BEI,ان شالله يارب يفرجها عليكم ويطبق القانون ويرتاح راسكم وتتفضوا لدرسكم امين البعض ما بيعرف كيف ولادنا عايشين بايطاليا بالقلة بالتقشف بالاكل والملبس وكيف الاهل عمبحولوا لولادهم اجار السكن سعر الدولار حتى ما ينطردوا برا وينذلوا ويخسروا علمهم بس اديش الاهل قادرين يصمدوا ع هالوضع,Levant,BEI,Lebanon,Beirut,Levant,Lebanon,Beirut,0.01720031717887632,7.620474816552712e-06,1.194227853890634e-06,0.00611814643510269,3.1590297064380314e-06,0.0007536421696991112,0.03927338242514009,0.8216557336166709,0.005033257406537502,2.443913288598861e-05,0.031059837620047732,0.0022530894231497125,2.8078822914306026e-07,0.007371719975582889,0.007883581500087312,0.0006951278442342907,0.0002952676193271694,3.153207099895424e-07,0.0005546871905686057,3.0462902383756635e-07,0.0071574419809404795,0.051423843890059606,0.00035716255684877505,4.04366782892007e-05,0.0008309862433678912,5.02464224386004e-06,"['ان', 'شالله', 'يارب', 'يفرجها', 'عليكم', 'ويطبق', 'القانون', 'ويرتاح', 'راسكم', 'وتتفضوا', 'لدرسكم', 'امين', 'البعض', 'ما', 'بيعرف', 'كيف', 'ولادنا', 'عايشين', 'بايطاليا', 'بالقلة', 'بالتقشف', 'بالاكل', 'والملبس', 'وكيف', 'الاهل', 'عمبحولوا', 'لولادهم', 'اجار', 'السكن', 'سعر', 'الدولار', 'حتى', 'ما', 'ينطردوا', 'برا', 'وينذلوا', 'ويخسروا', 'علمهم', 'بس', 'اديش', 'الاهل', 'قادرين', 'يصمدوا', 'ع', 'هالوضع']",45
27,امين يا رب تنفرج ع كل الطلاب ويخلصوا من هل كابوس ويطمنوا اهلهم عليهم حتى يكملوا دراستهم ونفسيتهم مرتاحة وحاسين بالاستقرار وقيمة مصرياتن لي صمدوها عشان يعلموا ولادهم راحت قيمتها الله يكون بعون الاهل وولادهم ويمرر هلازمة ع خير,BEI,امين يا رب تنفرج ع كل الطلاب ويخلصوا من هل كابوس ويطمنوا اهلهم عليهم حتى يكملوا دراستهم ونفسيتهم مرتاحة وحاسين بالاستقرار وقيمة مصرياتن لي صمدوها عشان يعلموا ولادهم راحت قيمتها الله يكون بعون الاهل وولادهم ويمرر هلازمة ع خير,Maghreb,TRI,Libya,Tripoli,Levant,Lebanon,Beirut,0.0007687932792811244,0.00022210750019033377,2.0244761048526064e-06,0.00036966616224878303,4.2884907300218515e-06,0.0002303904078904864,0.011406749136248636,3.4249092657568295e-06,0.0026325714596659895,5.8600015422762976e-05,3.8691582058334784e-05,0.0006522287371586487,1.2657208286872702e-06,0.0005261894117679853,0.0002547251114618814,0.0007480955012100338,4.9856797782881964e-05,4.323303337997479e-06,0.0015288673283760806,5.327442359380343e-07,0.0011337324648171975,0.0008141534424845352,6.941036800897913e-05,0.00010657392137527664,0.9783514781447312,2.1259583315535395e-05,"['امين', 'يا', 'رب', 'تنفرج', 'ع', 'كل', 'الطلاب', 'ويخلصوا', 'من', 'هل', 'كابوس', 'ويطمنوا', 'اهلهم', 'عليهم', 'حتى', 'يكملوا', 'دراستهم', 'ونفسيتهم', 'مرتاحة', 'وحاسين', 'بالاستقرار', 'وقيمة', 'مصرياتن', 'لي', 'صمدوها', 'عشان', 'يعلموا', 'ولادهم', 'راحت', 'قيمتها', 'الله', 'يكون', 'بعون', 'الاهل', 'وولادهم', 'ويمرر', 'هلازمة', 'ع', 'خير']",39
28,الف تحية للجيش للبناني لصهران لرياحت الشعب يصهر وينبصط وافراد للجيش بعيدي عن عيالا الله ينصر الجيش ويبعد عنو ولاد لحرام وينعاد علجميع أنا هيدا المقال بس اللي كان ناقصني كرمال صير غني و شي مليون دولار,BEI,الف تحية للجيش للبناني لصهران لرياحت الشعب يصهر وينبصط وافراد للجيش بعيدي عن عيالا الله ينصر الجيش ويبعد عنو ولاد لحرام وينعاد علجميع أنا هيدا المقال بس اللي كان ناقصني كرمال صير غني و شي مليون دولار,Levant,BEI,Lebanon,Beirut,Levant,Lebanon,Beirut,4.200708473747315e-06,2.5532349696538066e-09,3.218597082585102e-10,1.4936395553628126e-06,6.111309083842481e-09,1.1679903789307347e-08,1.719828475586385e-08,0.9999795316288904,2.8929397162115867e-08,9.802841065283307e-09,1.0420876643299236e-05,3.2116032386629325e-08,1.7636815112433085e-09,2.415015479310404e-08,2.1522958242904097e-06,1.2547943161120089e-08,1.0297476166418046e-08,3.078754051341527e-11,7.190975066845454e-09,2.4899433444083492e-09,9.634459669833533e-09,2.0026668812773287e-06,1.0649947076709212e-08,2.801405025594154e-09,6.564172892410701e-09,1.3499225077476824e-09,"['الف', 'تحية', 'للجيش', 'للبناني', 'لصهران', 'لرياحت', 'الشعب', 'يصهر', 'وينبصط', 'وافراد', 'للجيش', 'بعيدي', 'عن', 'عيالا', 'الله', 'ينصر', 'الجيش', 'ويبعد', 'عنو', 'ولاد', 'لحرام', 'وينعاد', 'علجميع', 'أنا', 'هيدا', 'المقال', 'بس', 'اللي', 'كان', 'ناقصني', 'كرمال', 'صير', 'غني', 'و', 'شي', 'مليون', 'دولار']",37
29,هيك كِبروا منير وأنسي وصاروا بياخدوا العقل أحيان كتيرهالشي أعجوبة إنو كيف استوعبوا غياباتي وسفراتي وتقصيري معهم وكيف مش حاقدين عليي ولا ع جنس النساء وكيف كمان عندهم أخلاق وضمير وبيحترموا المرأة وقدراتها وقيمتها,BEI,هيك كِبروا منير وأنسي وصاروا بياخدوا العقل أحيان كتيرهالشي أعجوبة إنو كيف استوعبوا غياباتي وسفراتي وتقصيري معهم وكيف مش حاقدين عليي ولا ع جنس النساء وكيف كمان عندهم أخلاق وضمير وبيحترموا المرأة وقدراتها وقيمتها,Levant,JER,Palestine,Jerusalem,Levant,Lebanon,Beirut,0.006602935182709334,6.883229457671342e-08,6.00364939465762e-07,0.4619071515724108,1.0003111882133338e-06,1.976328414057326e-07,4.603322560833515e-07,0.010418525126146877,3.3743348926510346e-06,2.638771915304211e-06,0.019692239242313895,5.14999398616328e-07,1.314923754278399e-08,1.3384329570162852e-05,0.49873534325438024,2.110238160508104e-06,1.233225983353082e-08,1.1247464060226713e-08,9.872084593725767e-07,1.0547949371190745e-08,1.6677909736055637e-06,0.002615021380082163,5.056511740984267e-07,5.112310687885422e-08,1.0713449167861604e-06,1.0369895826680187e-07,"['هيك', 'كِبروا', 'منير', 'وأنسي', 'وصاروا', 'بياخدوا', 'العقل', 'أحيان', 'كتيرهالشي', 'أعجوبة', 'إنو', 'كيف', 'استوعبوا', 'غياباتي', 'وسفراتي', 'وتقصيري', 'معهم', 'وكيف', 'مش', 'حاقدين', 'عليي', 'ولا', 'ع', 'جنس', 'النساء', 'وكيف', 'كمان', 'عندهم', 'أخلاق', 'وضمير', 'وبيحترموا', 'المرأة', 'وقدراتها', 'وقيمتها']",34
30,بيشتغلوا من قلبهم وبنزاهة وصدق وأمور تانية كتير رائعة موجودة فيهم هل هوي حظّ ما بعرف شو ما كان السبب أنا ممتنة بجنون ممتنة لدرجة النشوة ممتنة بتواضع هائل هائل,BEI,بيشتغلوا من قلبهم وبنزاهة وصدق وأمور تانية كتير رائعة موجودة فيهم هل هوي حظّ ما بعرف شو ما كان السبب أنا ممتنة بجنون ممتنة لدرجة النشوة ممتنة بتواضع هائل هائل,Levant,BEI,Lebanon,Beirut,Levant,Lebanon,Beirut,0.001211962047463145,1.2578287335776408e-09,1.9268354422430903e-08,0.08719670039230881,2.404246713129891e-08,1.4370136445846672e-08,2.5966253325789492e-08,0.9058145509275688,2.6942244311895768e-08,3.628074759287504e-08,0.005270478646108401,1.286844338007706e-08,3.399037405433894e-10,7.140623534331271e-08,0.0004853962644289226,2.9665560579991007e-07,5.525621242721106e-10,1.7446420033209193e-09,1.2947289486042885e-07,1.1833474576409262e-10,5.3514946840249526e-08,2.018502154501779e-05,2.9510011759371255e-09,7.403253812600464e-10,6.817713058685326e-09,1.3899366974246158e-09,"['بيشتغلوا', 'من', 'قلبهم', 'وبنزاهة', 'وصدق', 'وأمور', 'تانية', 'كتير', 'رائعة', 'موجودة', 'فيهم', 'هل', 'هوي', 'حظّ', 'ما', 'بعرف', 'شو', 'ما', 'كان', 'السبب', 'أنا', 'ممتنة', 'بجنون', 'ممتنة', 'لدرجة', 'النشوة', 'ممتنة', 'بتواضع', 'هائل', 'هائل']",30
31,جبت ولدين ع الدني حبيباتي وروح قلبي منير وأنسي بس عندي ولاد كتير إنتو كل يوم عم تزيدوا وكل يوم عم تخلقوا أقوياء وأحرار من رحمي شكرا ع هالهدية يلي ما بتتقدر هدية إنكن موجودين بحياتي هدية إنكن دوا ليأسي من هالبلد حدكن أنا حدي إنتو,BEI,جبت ولدين ع الدني حبيباتي وروح قلبي منير وأنسي بس عندي ولاد كتير إنتو كل يوم عم تزيدوا وكل يوم عم تخلقوا أقوياء وأحرار من رحمي شكرا ع هالهدية يلي ما بتتقدر هدية إنكن موجودين بحياتي هدية إنكن دوا ليأسي من هالبلد حدكن أنا حدي إنتو,Levant,ALE,Syria,Aleppo,Levant,Lebanon,Beirut,0.9997871668309412,2.504419648572758e-10,1.359294147088346e-09,3.122417008650453e-05,3.65570803626987e-09,8.316295202362925e-10,5.310475481658537e-09,8.842925281281028e-05,2.086813941841152e-09,1.1377565922118705e-08,8.155257929309095e-05,1.6069839349425916e-09,5.009256297316381e-11,5.732743170548826e-09,1.1438020145014459e-05,8.863954452672401e-09,8.327563122059547e-11,1.971967643846727e-10,2.557290988695089e-09,5.555119625894608e-11,7.390173324602119e-10,1.4250398891815775e-07,2.395250727149594e-10,3.5519343733687276e-11,1.3212424429248054e-09,2.884105354356811e-10,"['جبت', 'ولدين', 'ع', 'الدني', 'حبيباتي', 'وروح', 'قلبي', 'منير', 'وأنسي', 'بس', 'عندي', 'ولاد', 'كتير', 'إنتو', 'كل', 'يوم', 'عم', 'تزيدوا', 'وكل', 'يوم', 'عم', 'تخلقوا', 'أقوياء', 'وأحرار', 'من', 'رحمي', 'شكرا', 'ع', 'هالهدية', 'يلي', 'ما', 'بتتقدر', 'هدية', 'إنكن', 'موجودين', 'بحياتي', 'هدية', 'إنكن', 'دوا', 'ليأسي', 'من', 'هالبلد', 'حدكن', 'أنا', 'حدي', 'إنتو']",46
32,لو في عدل بهالدني ما كان أي حدا بينحرم من حدا بيحبو اليوم أنا وعايشة نعمة وجود يلي بحبهم حدي من بعد هالسنة اللعينة اللي قطعت علينا عم فكر كمان بكل شخص متألم بهالفترة أو حزين أو مشتاق أو مستفقد أو محتاج بتمنى من كل قلبي وروحي يصير شي أو يوصل حدا ع حياتكم,BEI,لو في عدل بهالدني ما كان أي حدا بينحرم من حدا بيحبو اليوم أنا وعايشة نعمة وجود يلي بحبهم حدي من بعد هالسنة اللعينة اللي قطعت علينا عم فكر كمان بكل شخص متألم بهالفترة أو حزين أو مشتاق أو مستفقد أو محتاج بتمنى من كل قلبي وروحي يصير شي أو يوصل حدا ع حياتكم,Levant,BEI,Lebanon,Beirut,Levant,Lebanon,Beirut,4.336968346190917e-05,7.076120519711627e-10,1.458310042341694e-09,6.580904936685188e-06,2.496752204809476e-09,1.2949761707734483e-09,1.0839197395490182e-09,0.9999043488764358,1.3523446893083486e-08,2.1723042131910058e-08,2.785008839287691e-05,8.049351206368742e-09,3.42629797623741e-10,6.467081710292301e-09,1.7308833301181534e-05,2.267144788197734e-08,1.2467642901734937e-10,2.121660179893602e-10,4.846737150085539e-08,4.868578986616572e-10,2.8243182116812646e-09,4.062365658170261e-07,1.372802932916294e-09,1.0235895925077e-10,1.6019255303544037e-09,3.6585845252699276e-10,"['لو', 'في', 'عدل', 'بهالدني', 'ما', 'كان', 'أي', 'حدا', 'بينحرم', 'من', 'حدا', 'بيحبو', 'اليوم', 'أنا', 'وعايشة', 'نعمة', 'وجود', 'يلي', 'بحبهم', 'حدي', 'من', 'بعد', 'هالسنة', 'اللعينة', 'اللي', 'قطعت', 'علينا', 'عم', 'فكر', 'كمان', 'بكل', 'شخص', 'متألم', 'بهالفترة', 'أو', 'حزين', 'أو', 'مشتاق', 'أو', 'مستفقد', 'أو', 'محتاج', 'بتمنى', 'من', 'كل', 'قلبي', 'وروحي', 'يصير', 'شي', 'أو', 'يوصل', 'حدا', 'ع', 'حياتكم']",54
33,النائب نفسه خرب الدنيا عندما إقترب أحدهم من إبنته و هي تحتفظ بأبنائها على عكس بنات الطائفة الكريمة و عندما حاول طليقها إيذاؤها واجهه بالسلاح يخفف من حِمل وجعكم أوقات نقطة ضو بتعبي كل العتمة بغمركم وببعتلكم حب كتير,BEI,النائب نفسه خرب الدنيا عندما إقترب أحدهم من إبنته و هي تحتفظ بأبنائها على عكس بنات الطائفة الكريمة و عندما حاول طليقها إيذاؤها واجهه بالسلاح يخفف من حِمل وجعكم أوقات نقطة ضو بتعبي كل العتمة بغمركم وببعتلكم حب كتير,Modern Standard Arabic,MSA,Modern Standard Arabic,Modern Standard Arabic,Levant,Lebanon,Beirut,4.88339773003077e-05,0.001016563327395319,3.7888979232715097e-06,0.0010644705083892728,2.2201995116428162e-06,2.9765568593897634e-06,3.7746100658226136e-06,1.3304358932252987e-05,3.179545092781618e-05,1.1080202685046739e-05,0.00016729236157761196,1.152587272192941e-06,7.770534668805141e-07,1.3467251853438971e-05,0.0027234986196669744,0.00029884854655502926,4.91485554485593e-07,0.991256398932926,0.002834020539055679,1.7146288784560024e-07,0.0004036414923562404,7.865636771945e-05,1.6742525615527844e-05,1.7228581398018411e-06,3.841577806028156e-06,4.6824755687193683e-07,"['النائب', 'نفسه', 'خرب', 'الدنيا', 'عندما', 'إقترب', 'أحدهم', 'من', 'إبنته', 'و', 'هي', 'تحتفظ', 'بأبنائها', 'على', 'عكس', 'بنات', 'الطائفة', 'الكريمة', 'و', 'عندما', 'حاول', 'طليقها', 'إيذاؤها', 'واجهه', 'بالسلاح', 'يخفف', 'من', 'حِمل', 'وجعكم', 'أوقات', 'نقطة', 'ضو', 'بتعبي', 'كل', 'العتمة', 'بغمركم', 'وببعتلكم', 'حب', 'كتير']",39
34,حاسة حيصير انفجار نفسي عند هالبنات يلي بيعانو من ضغط بمجتمعهم بتخيل انو اغلبهم نفسيا حيتغيرو و ينحرفوا من هلا عم شوف و ارى الاعظم آت,BEI,حاسة حيصير انفجار نفسي عند هالبنات يلي بيعانو من ضغط بمجتمعهم بتخيل انو اغلبهم نفسيا حيتغيرو و ينحرفوا من هلا عم شوف و ارى الاعظم آت,Levant,SAL,Jordan,Salt,Levant,Lebanon,Beirut,0.0002921194679538581,9.969062165455725e-08,3.230465903530107e-08,0.00013731200195992363,1.1580567417195098e-07,2.2245197717666268e-07,5.766130380463634e-07,0.0003258163580277748,4.109103997260995e-06,8.085697447425562e-07,0.0018934955331983178,9.669802866979436e-07,7.756588054648613e-09,3.992380956746434e-06,0.29335433150004675,2.7236624409820504e-06,1.8061324445826745e-07,6.629125224055248e-09,1.3442987750938302e-06,6.81241720648871e-09,3.4290554685232e-06,0.7039740093307052,5.052664905146994e-07,5.196449452126837e-08,3.717799148097593e-06,1.8048960055424147e-08,"['حاسة', 'حيصير', 'انفجار', 'نفسي', 'عند', 'هالبنات', 'يلي', 'بيعانو', 'من', 'ضغط', 'بمجتمعهم', 'بتخيل', 'انو', 'اغلبهم', 'نفسيا', 'حيتغيرو', 'و', 'ينحرفوا', 'من', 'هلا', 'عم', 'شوف', 'و', 'ارى', 'الاعظم', 'آت']",26
35,الحفرة هاذي هي سبب من أسباب موت هاالنوارة الله يرحمها و ينعمها و إن شاء الله ربي يتقبلها بالرحمة,TUN,الحفرة هاذي هي سبب من أسباب موت هاالنوارة الله يرحمها و ينعمها و إن شاء الله ربي يتقبلها بالرحمة,Maghreb,SFX,Tunisia,Sfax,Maghreb,Tunisia,Tunis,3.226420795863746e-08,0.00011171972400275397,6.428039831909711e-09,6.005054032615295e-08,2.5677545387792913e-08,1.5404986232626974e-07,2.306678860217205e-07,3.709661630083233e-08,7.74738808793097e-05,9.637256539981949e-08,1.7836446526725085e-07,1.4107962370929652e-06,1.7156772746369844e-08,2.222113500703393e-07,1.7014059497067344e-07,9.920648951908916e-08,1.7119264826960815e-08,1.4998476272026572e-08,1.2592700442922602e-06,4.224323769544369e-08,1.1294817523868988e-06,4.494893536827271e-07,2.287440328251549e-07,0.996546593839647,0.00019754244538888426,0.0030607882807467523,"['الحفرة', 'هاذي', 'هي', 'سبب', 'من', 'أسباب', 'موت', 'هاالنوارة', 'الله', 'يرحمها', 'و', 'ينعمها', 'و', 'إن', 'شاء', 'الله', 'ربي', 'يتقبلها', 'بالرحمة']",19
36,الحمد لله مانيش مروح حتى تتفض جملة حكاية هالمرض و بعد يعمل ربي دليل,TUN,الحمد لله مانيش مروح حتى تتفض جملة حكاية هالمرض و بعد يعمل ربي دليل,Maghreb,SFX,Tunisia,Sfax,Maghreb,Tunisia,Tunis,1.0661350829793813e-08,5.819015530198832e-05,3.4555931810101717e-09,1.1662271545173702e-08,7.257410883139263e-09,5.8170705676972317e-08,1.2284325724026464e-07,6.042326438793895e-08,6.725987894904483e-07,2.2399354598335297e-08,4.18704058586068e-08,4.604110141372926e-08,6.6831922970869034e-09,8.351792767616865e-08,4.22803195654067e-08,6.081894581113619e-08,2.4071826709886828e-08,5.563366994633524e-10,2.0587007964565952e-07,3.244969454196454e-08,2.4199773332818414e-07,1.1796044050906337e-06,1.822261133189142e-08,0.904945407894841,1.57895606802905e-06,0.09499186953721117,"['الحمد', 'لله', 'مانيش', 'مروح', 'حتى', 'تتفض', 'جملة', 'حكاية', 'هالمرض', 'و', 'بعد', 'يعمل', 'ربي', 'دليل']",14
37,الخامجة هذي و اتباعها معطلين مصالحنا و البرلمان ردوه سرك وكان مش باش نوقفوها عند حدها البلاد باش تمشي في هاوية,TUN,الخامجة هذي و اتباعها معطلين مصالحنا و البرلمان ردوه سرك وكان مش باش نوقفوها عند حدها البلاد باش تمشي في هاوية,Maghreb,TUN,Tunisia,Tunis,Maghreb,Tunisia,Tunis,7.955472166613305e-11,1.878401409397136e-07,1.4514425794664759e-11,1.026487797960165e-10,6.195852378503764e-11,3.386073817462135e-10,1.3036279663975644e-10,1.6807950787332176e-10,4.601641457373659e-08,4.850221382901462e-10,1.4416333095104868e-10,7.812961887593643e-10,9.137301378403458e-10,2.851249545606116e-10,8.352438759406388e-10,2.2214447430049275e-10,2.0562794720478446e-10,5.279510871351932e-12,4.4043331992200204e-10,5.70900762863337e-09,2.001805526516668e-09,1.7521749791088655e-09,7.038051193143767e-10,0.00040592658480788135,3.987277800424942e-06,0.9995898369002509,"['الخامجة', 'هذي', 'و', 'اتباعها', 'معطلين', 'مصالحنا', 'و', 'البرلمان', 'ردوه', 'سرك', 'وكان', 'مش', 'باش', 'نوقفوها', 'عند', 'حدها', 'البلاد', 'باش', 'تمشي', 'في', 'هاوية']",21
38,صحيح حتى البقية مايصلحوش اما صدقوني هذي باش ترجعنا قرون للوراء وحدة نازية فاشية دكتاتورة كيف بوها لحنين و خاصة عميلة ووجودها في المجلس عندو أهداف لأجندات أجنبية,TUN,صحيح حتى البقية مايصلحوش اما صدقوني هذي باش ترجعنا قرون للوراء وحدة نازية فاشية دكتاتورة كيف بوها لحنين و خاصة عميلة ووجودها في المجلس عندو أهداف لأجندات أجنبية,Maghreb,TUN,Tunisia,Tunis,Maghreb,Tunisia,Tunis,2.0377164259752567e-10,9.198117258479996e-08,1.667132595264826e-11,2.5230711367793615e-10,4.424696875461892e-11,9.96610642200255e-10,3.291387968902641e-10,5.122081824542338e-10,9.568669971054648e-09,1.1575739379586545e-10,1.5537804429754386e-09,7.02515578400478e-10,2.8168529111734266e-09,8.906332210367693e-10,1.342827668220613e-09,3.394443543456878e-10,1.5194064549770335e-10,2.486121338544394e-11,2.4517426246921805e-09,1.910374841704622e-09,2.079431997637792e-08,4.029339279039752e-09,2.0290624017772188e-10,0.002409839082285316,4.560958247231415e-08,0.9975899740760386,"['صحيح', 'حتى', 'البقية', 'مايصلحوش', 'اما', 'صدقوني', 'هذي', 'باش', 'ترجعنا', 'قرون', 'للوراء', 'وحدة', 'نازية', 'فاشية', 'دكتاتورة', 'كيف', 'بوها', 'لحنين', 'و', 'خاصة', 'عميلة', 'ووجودها', 'في', 'المجلس', 'عندو', 'أهداف', 'لأجندات', 'أجنبية']",28
39,في كل ماتش متع بالميراس تهزو للستاد وبما انو ما يشوفش تقعد تحكيلو على كل هجمة ولا فرصة باش ولدها يعيش اللحظة اي نعم هاذي حاجة مالحاجات الي ما تنجم كان الام تعملهم لولدها ببرشا صبر ومحبة وربي يخليلكم امهاتكم ويرحم الي توفاو,TUN,في كل ماتش متع بالميراس تهزو للستاد وبما انو ما يشوفش تقعد تحكيلو على كل هجمة ولا فرصة باش ولدها يعيش اللحظة اي نعم هاذي حاجة مالحاجات الي ما تنجم كان الام تعملهم لولدها ببرشا صبر ومحبة وربي يخليلكم امهاتكم ويرحم الي توفاو,Maghreb,SFX,Tunisia,Sfax,Maghreb,Tunisia,Tunis,1.996476075544396e-11,1.060325074978673e-08,1.4294507560463647e-12,2.4598248970814695e-11,4.1463985587398936e-11,2.0428501857879198e-10,1.4486642435732788e-10,1.4150203806960803e-11,1.5455895359498851e-09,4.615018184880761e-11,3.0742010406171936e-11,5.074197951271457e-11,4.736464011228134e-11,5.598971309960948e-11,7.275070804299671e-11,6.108343158709686e-11,1.041359049162323e-10,1.0308079637806442e-12,2.0027861411079717e-10,5.633553021046675e-11,1.0714698607236033e-10,9.706304958195257e-10,8.240068032224326e-11,0.9817902478487349,5.336574171702698e-09,0.01820973232831086,"['في', 'كل', 'ماتش', 'متع', 'بالميراس', 'تهزو', 'للستاد', 'وبما', 'انو', 'ما', 'يشوفش', 'تقعد', 'تحكيلو', 'على', 'كل', 'هجمة', 'ولا', 'فرصة', 'باش', 'ولدها', 'يعيش', 'اللحظة', 'اي', 'نعم', 'هاذي', 'حاجة', 'مالحاجات', 'الي', 'ما', 'تنجم', 'كان', 'الام', 'تعملهم', 'لولدها', 'ببرشا', 'صبر', 'ومحبة', 'وربي', 'يخليلكم', 'امهاتكم', 'ويرحم', 'الي', 'توفاو']",43
40,مش زي الام الأمريكية يللي رمت بولدها المتوحد في البحيرة بارادتها وكامل قواها العقلية وهربت عنه وخلاته يموت وحده,TUN,مش زي الام الأمريكية يللي رمت بولدها المتوحد في البحيرة بارادتها وكامل قواها العقلية وهربت عنه وخلاته يموت وحده,Maghreb,BEN,Libya,Benghazi,Maghreb,Tunisia,Tunis,4.2494383261274635e-05,6.281059588683251e-07,0.00010958134093389964,0.014204892726696852,0.009116248922648987,3.955645977644317e-05,0.000265805692410134,1.7255499396998788e-05,0.6425977557013439,0.24842411432431016,0.0037578558859202985,0.0005380550639237913,2.440074684523162e-07,0.0168159041443848,0.05242392834921524,0.00038689203219848445,3.1750235333980843e-07,1.594494321379992e-07,0.0004447032429001961,5.224076334916308e-08,0.0005460945653985491,0.006117281438436781,0.0001080249977181666,1.1148716890281785e-06,0.004040272320184789,7.667312750037182e-07,"['مش', 'زي', 'الام', 'الأمريكية', 'يللي', 'رمت', 'بولدها', 'المتوحد', 'في', 'البحيرة', 'بارادتها', 'وكامل', 'قواها', 'العقلية', 'وهربت', 'عنه', 'وخلاته', 'يموت', 'وحده']",19
41,ولما اكتشفو جريمتها وواجهوها بللي عملاتو لولدها قالت حجتها الواهية انه ولدها أصبح عبئ عليها من بعد أزمة الكورونا وعلى أساس قررت انها تموته باش يكون في مكان أفضل حسب خيالها,TUN,ولما اكتشفو جريمتها وواجهوها بللي عملاتو لولدها قالت حجتها الواهية انه ولدها أصبح عبئ عليها من بعد أزمة الكورونا وعلى أساس قررت انها تموته باش يكون في مكان أفضل حسب خيالها,Nile Basin,CAI,Egypt,Cairo,Maghreb,Tunisia,Tunis,0.00041172588259858704,0.0009246582016249801,0.0008743860812609057,0.009267588323109237,0.0045461230033799005,8.597326559580158e-05,9.647767006071449e-05,7.331645215829675e-05,0.0013716883058564455,0.771143426082885,0.0033873470321254275,0.00020993063973172608,9.956498470734635e-06,0.010478680978976628,0.16674966741493796,0.0028390535623373787,6.705262840272711e-06,0.00015641104793725805,0.018313731867379116,3.3292267103596146e-06,0.002097785753211982,0.003193945483066084,0.0004728944083582385,9.088731661433744e-05,0.003135445234528059,5.886500424439872e-05,"['ولما', 'اكتشفو', 'جريمتها', 'وواجهوها', 'بللي', 'عملاتو', 'لولدها', 'قالت', 'حجتها', 'الواهية', 'انه', 'ولدها', 'أصبح', 'عبئ', 'عليها', 'من', 'بعد', 'أزمة', 'الكورونا', 'وعلى', 'أساس', 'قررت', 'انها', 'تموته', 'باش', 'يكون', 'في', 'مكان', 'أفضل', 'حسب', 'خيالها']",31
42,في زمن الكورونا البنات ولاو يعشقو الذكر اللي يصبغ شعرو و يلبس بلوطة و يريقل حواجبو شاب تونسي صاحب صوت خيالي,TUN,في زمن الكورونا البنات ولاو يعشقو الذكر اللي يصبغ شعرو و يلبس بلوطة و يريقل حواجبو شاب تونسي صاحب صوت خيالي,Maghreb,TUN,Tunisia,Tunis,Maghreb,Tunisia,Tunis,9.258220310108071e-06,0.001571799663276868,5.044083277200404e-07,9.855007919258792e-05,4.722835776077343e-06,5.496489204019448e-06,1.415854161355713e-05,0.00014538759585276987,0.0005687756167089288,3.262377919899588e-05,2.925788320295978e-05,0.00014715747414555715,9.549621083234359e-07,0.00010979839862030282,0.000432495532955289,0.0005400003693491922,5.619867497982036e-06,2.9228902249145915e-08,3.8949388691622084e-05,4.892184186726483e-06,0.0008625621891501165,0.009285583676194866,7.471867251153585e-05,0.06743615406041326,0.000256885036921424,0.918323663845687,"['في', 'زمن', 'الكورونا', 'البنات', 'ولاو', 'يعشقو', 'الذكر', 'اللي', 'يصبغ', 'شعرو', 'و', 'يلبس', 'بلوطة', 'و', 'يريقل', 'حواجبو', 'شاب', 'تونسي', 'صاحب', 'صوت', 'خيالي']",21
43,علاش راكم تديرو لبلادكم هكذا علاش علاش راكم تقسمو في بلادكم شوفو لسوريا وليبيا والعراق علاش تبعو في العملاء كل مجموعة تسيرها دولة حتى تتقسم تونس الشقيقة,TUN,علاش راكم تديرو لبلادكم هكذا علاش علاش راكم تقسمو في بلادكم شوفو لسوريا وليبيا والعراق علاش تبعو في العملاء كل مجموعة تسيرها دولة حتى تتقسم تونس الشقيقة,Maghreb,SFX,Tunisia,Sfax,Maghreb,Tunisia,Tunis,7.318859379286064e-07,0.15064934397152527,4.196558685648064e-08,4.6602696618958715e-07,1.450910896926342e-07,8.114269085625412e-07,6.217856995596647e-07,2.9698451393656233e-07,2.3917975258900024e-05,4.975305376935967e-07,1.1531113676088546e-06,2.581741737610429e-06,0.0004973761242674464,7.691118792807191e-06,6.833519996007645e-07,6.137566535876097e-07,1.9117238602840468e-07,6.271148936361682e-08,3.0319415373161618e-06,0.07861026650168992,6.256965317849631e-06,2.169471161242558e-06,2.0721338586002675e-06,0.759534787727514,0.0005549695048658125,0.010099218021336709,"['علاش', 'راكم', 'تديرو', 'لبلادكم', 'هكذا', 'علاش', 'علاش', 'راكم', 'تقسمو', 'في', 'بلادكم', 'شوفو', 'لسوريا', 'وليبيا', 'والعراق', 'علاش', 'تبعو', 'في', 'العملاء', 'كل', 'مجموعة', 'تسيرها', 'دولة', 'حتى', 'تتقسم', 'تونس', 'الشقيقة']",27
44,ونعم الام مش زي الام الأمريكية يللي رمت بولدها المتوحد في البحيرة بارادتها وكامل قواها العقلية وهربت عنه وخلاته يموت وحده.. ولما اكتشفو جريمتها وواجهوها بللي عملاتو لولدها,TUN,ونعم الام مش زي الام الأمريكية يللي رمت بولدها المتوحد في البحيرة بارادتها وكامل قواها العقلية وهربت عنه وخلاته يموت وحده ولما اكتشفو جريمتها وواجهوها بللي عملاتو لولدها,Nile Basin,CAI,Egypt,Cairo,Maghreb,Tunisia,Tunis,1.900843151588437e-05,5.66480950070084e-07,0.00013159522036532338,0.0011406245969327927,0.011703976627891162,1.3228137029372266e-05,1.608128512330581e-05,7.285239281736839e-06,0.0017005992084332042,0.9666763098985681,0.0006918868895796469,7.54373730274506e-05,2.23184825819958e-07,0.0012198240370433816,0.014485644822090638,0.00019192140803273375,2.975712306386076e-07,1.3086099476385047e-07,6.317303285469898e-05,1.0629090990472367e-07,5.917927492664156e-05,0.0007461000915556287,5.062314255195331e-05,1.1716114297757039e-06,0.001004498122046964,5.071608083512905e-07,"['ونعم', 'الام', 'مش', 'زي', 'الام', 'الأمريكية', 'يللي', 'رمت', 'بولدها', 'المتوحد', 'في', 'البحيرة', 'بارادتها', 'وكامل', 'قواها', 'العقلية', 'وهربت', 'عنه', 'وخلاته', 'يموت', 'وحده', 'ولما', 'اكتشفو', 'جريمتها', 'وواجهوها', 'بللي', 'عملاتو', 'لولدها']",28
45,قالت حجتها الواهية انه ولدها أصبح عبئ عليها من بعد أزمة الكورونا وعلى أساس قررت انها تموته باش يكون في مكان أفضل حسب خيالها,TUN,قالت حجتها الواهية انه ولدها أصبح عبئ عليها من بعد أزمة الكورونا وعلى أساس قررت انها تموته باش يكون في مكان أفضل حسب خيالها,Gulf,MUS,Oman,Muscat,Maghreb,Tunisia,Tunis,0.0002804774875585003,0.0020433816561979566,8.087604772064755e-05,0.007517886052881819,0.0001610565097406162,6.952927546319047e-05,6.384036514249987e-05,2.6309108871028148e-05,0.25193886725671744,0.0017895790260781229,0.003092776695432162,0.0003061592823023962,1.2352264910403412e-05,0.019471201017886127,0.06277824969802796,0.007226334137403336,4.097101931372166e-06,0.0012087387114785603,0.6149435730029421,1.2286359872892952e-06,0.01760295697032709,0.0035880384077861607,0.00034743331864597047,7.953244561563872e-05,0.00528408367547254,8.144184747934505e-05,"['قالت', 'حجتها', 'الواهية', 'انه', 'ولدها', 'أصبح', 'عبئ', 'عليها', 'من', 'بعد', 'أزمة', 'الكورونا', 'وعلى', 'أساس', 'قررت', 'انها', 'تموته', 'باش', 'يكون', 'في', 'مكان', 'أفضل', 'حسب', 'خيالها']",24
46,الصويردات مشاو على رواحهم يرحم والديك هبّطها راو تاعب بارش مسكين و ما لقاش شكون ياقف معاه ؛ خلّي صوتو يوصل,TUN,الصويردات مشاو على رواحهم يرحم والديك هبّطها راو تاعب بارش مسكين و ما لقاش شكون ياقف معاه  خلّي صوتو يوصل,Maghreb,SFX,Tunisia,Sfax,Maghreb,Tunisia,Tunis,6.7791003909135504e-09,3.84474018058738e-07,2.8285742184970693e-10,1.4150518479989676e-08,1.3028417702041488e-09,1.4725821902774193e-08,2.78602392775499e-08,4.430157442658853e-09,3.2738999727949997e-07,6.045020606618783e-09,1.7338732934762378e-08,2.9714495766891828e-08,1.8225956767681637e-09,2.6180012408386636e-08,8.565820820114845e-08,9.613136507324425e-09,3.183277819310598e-09,2.2578630510224976e-11,1.421416744350754e-08,2.023042369063013e-08,1.024710237577363e-07,2.3923519499002116e-07,9.832813294486766e-08,0.9991639725531424,5.959572187491582e-07,0.0008339960370854362,"['الصويردات', 'مشاو', 'على', 'رواحهم', 'يرحم', 'والديك', 'هبّطها', 'راو', 'تاعب', 'بارش', 'مسكين', 'و', 'ما', 'لقاش', 'شكون', 'ياقف', 'معاه', 'خلّي', 'صوتو', 'يوصل']",20
47,إن شاء الله أي واحد يشوف التصاور هاذم و النساء الي ظهوراتها مقوسة يعاود يخمم ألف مرة قبل ما يلوح حاجة في الشارع,TUN,إن شاء الله أي واحد يشوف التصاور هاذم و النساء الي ظهوراتها مقوسة يعاود يخمم ألف مرة قبل ما يلوح حاجة في الشارع,Maghreb,SFX,Tunisia,Sfax,Maghreb,Tunisia,Tunis,1.970265297074401e-09,1.7577842819690662e-06,1.1644606558198105e-09,7.901482408546022e-09,7.347398232316419e-09,3.929957035884545e-08,1.9163649887944085e-08,4.787734087119708e-09,1.3005923338524246e-05,1.581213831524383e-08,1.2867565616279418e-08,4.781174652640883e-08,6.688396448836801e-09,1.081168453572078e-07,9.052513130027606e-09,2.997325147846876e-08,6.809958705860023e-10,2.7394680039195424e-09,6.68223098214177e-08,8.38139314635084e-09,7.828890266505584e-08,1.6337247088877717e-08,1.498132138847168e-08,0.9995868123846641,1.418928331232075e-06,0.0003965047907283254,"['إن', 'شاء', 'الله', 'أي', 'واحد', 'يشوف', 'التصاور', 'هاذم', 'و', 'النساء', 'الي', 'ظهوراتها', 'مقوسة', 'يعاود', 'يخمم', 'ألف', 'مرة', 'قبل', 'ما', 'يلوح', 'حاجة', 'في', 'الشارع']",23
48,راجل سيد الرجال ربي يعينك نشالله حشاك انتي عون بلدي انتي الي بلاش بيك دود ياكلنا والزبال هوا في مخو ومنطقو وقلة تربية متاعهم الله وانتي الله يعنيك بلادك كلبة وناسها اللطف,TUN,راجل سيد الرجال ربي يعينك نشالله حشاك انتي عون بلدي انتي الي بلاش بيك دود ياكلنا والزبال هوا في مخو ومنطقو وقلة تربية متاعهم الله وانتي الله يعنيك بلادك كلبة وناسها اللطف,Maghreb,SFX,Tunisia,Sfax,Maghreb,Tunisia,Tunis,6.730356461027036e-10,2.3257703016811344e-07,3.1335117531399835e-11,1.6229222439063469e-09,1.728730677346172e-09,2.1068668257107115e-08,2.2117249224842373e-08,1.7092268441010714e-09,6.959072441741892e-08,7.210405853174906e-09,2.2609088320686234e-09,2.1560151814312052e-08,6.679578483064561e-09,2.351300660435803e-08,2.636959114688731e-09,2.6260326092101556e-09,2.5223512175397503e-09,5.3588274916898384e-11,5.169067680291684e-09,2.0509584935570538e-08,6.983875986544472e-09,9.661920285332344e-09,1.021348803059178e-08,0.9999720354813559,2.029996645462536e-06,2.5461802156427625e-05,"['راجل', 'سيد', 'الرجال', 'ربي', 'يعينك', 'نشالله', 'حشاك', 'انتي', 'عون', 'بلدي', 'انتي', 'الي', 'بلاش', 'بيك', 'دود', 'ياكلنا', 'والزبال', 'هوا', 'في', 'مخو', 'ومنطقو', 'وقلة', 'تربية', 'متاعهم', 'الله', 'وانتي', 'الله', 'يعنيك', 'بلادك', 'كلبة', 'وناسها', 'اللطف']",32
49,توة عندي أكثر من جمعتين كل من نوصل ولدي يقرأ نرا مرا الصباح شدا ولدها تكركر فيه بش تهزو يقرأ بالسيف و كي توصل قدام المكتب الطفل يدز أمو و يهرب يجري لا يخاف لا من كراهب ولا من حتى شيء المهم يهرب من المكتب حبيت نسألها,TUN,توة عندي أكثر من جمعتين كل من نوصل ولدي يقرأ نرا مرا الصباح شدا ولدها تكركر فيه بش تهزو يقرأ بالسيف و كي توصل قدام المكتب الطفل يدز أمو و يهرب يجري لا يخاف لا من كراهب ولا من حتى شيء المهم يهرب من المكتب حبيت نسألها,Maghreb,SFX,Tunisia,Sfax,Maghreb,Tunisia,Tunis,5.0635718898398237e-08,0.11138468660617346,1.1053929509077435e-08,9.575498699443979e-08,1.0692379263002702e-07,3.330260442143655e-07,2.4030085439875254e-07,1.3745114914832533e-07,5.1751333427249855e-06,3.154798887693083e-07,1.403443997472737e-07,1.0248513259726328e-07,6.485385674902852e-07,5.060155917509097e-06,3.507067668420805e-07,5.098415971470168e-07,6.054051618555807e-08,3.030420974447782e-07,3.798773960539312e-06,2.9716242738909257e-06,3.671126825657748e-06,1.2796881007299267e-06,2.5210246927985746e-07,0.8832691989711883,1.327260415790485e-05,0.005307227088148012,"['توة', 'عندي', 'أكثر', 'من', 'جمعتين', 'كل', 'من', 'نوصل', 'ولدي', 'يقرأ', 'نرا', 'مرا', 'الصباح', 'شدا', 'ولدها', 'تكركر', 'فيه', 'بش', 'تهزو', 'يقرأ', 'بالسيف', 'و', 'كي', 'توصل', 'قدام', 'المكتب', 'الطفل', 'يدز', 'أمو', 'و', 'يهرب', 'يجري', 'لا', 'يخاف', 'لا', 'من', 'كراهب', 'ولا', 'من', 'حتى', 'شيء', 'المهم', 'يهرب', 'من', 'المكتب', 'حبيت', 'نسألها']",47
50,أما بحكم إنو ماناش فرد مكتب كي نبدي راجعة ما نراهاش ياخي ليوم ريتها و كي العادة ولدها يبكي بالشهقة مشيتلو قتلو علاش تبكي قالي قلها تسيبني نحب نهرب وما نحبش نمشي نقرا قتلو علاش قالي المعلمة كل يوم تشوي فيا بالعصا وتقلي يا بهيم نخاف منها منعني أمان سخفني و حمملي قلبي كلمت أمو قلتلها إمشي للمعلمة وكلمها يا خي هبططت راسها قاتلي مشيتلها أما باقي عبددتو الله غالب,TUN,أما بحكم إنو ماناش فرد مكتب كي نبدي راجعة ما نراهاش ياخي ليوم ريتها و كي العادة ولدها يبكي بالشهقة مشيتلو قتلو علاش تبكي قالي قلها تسيبني نحب نهرب وما نحبش نمشي نقرا قتلو علاش قالي المعلمة كل يوم تشوي فيا بالعصا وتقلي يا بهيم نخاف منها منعني أمان سخفني و حمملي قلبي كلمت أمو قلتلها إمشي للمعلمة وكلمها يا خي هبططت راسها قاتلي مشيتلها أما باقي عبددتو الله غالب,Maghreb,TUN,Tunisia,Tunis,Maghreb,Tunisia,Tunis,1.0624496922511091e-07,7.002793529904561e-06,2.6988627795942554e-09,1.0020497745469321e-07,4.4651022683424954e-08,8.857304576916153e-08,5.646466654579173e-08,2.4997498472568424e-07,2.9655626763525637e-06,7.133525853982241e-08,1.753286512176806e-07,2.344542716821249e-08,1.1504018850541988e-07,1.0496925193997028e-07,1.18268503723663e-07,5.880184442279489e-08,3.3862422705944666e-08,4.1895183521203635e-09,4.06882499164741e-08,5.674306664721622e-07,9.927548038071746e-08,1.202715948912036e-07,1.218102521840987e-07,0.1953928306827186,2.8108297433101697e-05,0.8045667891338024,"['أما', 'بحكم', 'إنو', 'ماناش', 'فرد', 'مكتب', 'كي', 'نبدي', 'راجعة', 'ما', 'نراهاش', 'ياخي', 'ليوم', 'ريتها', 'و', 'كي', 'العادة', 'ولدها', 'يبكي', 'بالشهقة', 'مشيتلو', 'قتلو', 'علاش', 'تبكي', 'قالي', 'قلها', 'تسيبني', 'نحب', 'نهرب', 'وما', 'نحبش', 'نمشي', 'نقرا', 'قتلو', 'علاش', 'قالي', 'المعلمة', 'كل', 'يوم', 'تشوي', 'فيا', 'بالعصا', 'وتقلي', 'يا', 'بهيم', 'نخاف', 'منها', 'منعني', 'أمان', 'سخفني', 'و', 'حمملي', 'قلبي', 'كلمت', 'أمو', 'قلتلها', 'إمشي', 'للمعلمة', 'وكلمها', 'يا', 'خي', 'هبططت', 'راسها', 'قاتلي', 'مشيتلها', 'أما', 'باقي', 'عبددتو', 'الله', 'غالب']",70
51,حيطنا قصير و ما عندي حد و ولات تبكي قلتلها أختي شببك قاتلي راجلي هارب عليا عندو 3سنين وأنا ما عنديش حد بش ياقفلي و ياخولي حقي,TUN,حيطنا قصير و ما عندي حد و ولات تبكي قلتلها أختي شببك قاتلي راجلي هارب عليا عندو 3سنين وأنا ما عنديش حد بش ياقفلي و ياخولي حقي,Maghreb,TUN,Tunisia,Tunis,Maghreb,Tunisia,Tunis,3.4164872270313456e-07,1.447875361061373e-05,1.14850189928351e-08,1.1465490956180103e-06,1.253737770656054e-07,1.3926882406754278e-07,1.139903601066036e-07,2.7147915409274736e-06,0.00025593885929361076,2.7159097774090397e-06,9.116463109134353e-07,3.3775159418391793e-07,1.809570509611787e-07,9.208139406676368e-07,6.6753534040781714e-06,1.0430373876568001e-06,7.423329220740065e-08,1.8984565916068645e-09,3.6474254605080794e-07,3.6520073824165177e-07,9.429961359129695e-07,1.73464877486885e-06,1.4198808406410787e-06,0.008214911478107791,0.38043215493035404,0.6110602338010442,"['حيطنا', 'قصير', 'و', 'ما', 'عندي', 'حد', 'و', 'ولات', 'تبكي', 'قلتلها', 'أختي', 'شببك', 'قاتلي', 'راجلي', 'هارب', 'عليا', 'عندو', '3سنين', 'وأنا', 'ما', 'عنديش', 'حد', 'بش', 'ياقفلي', 'و', 'ياخولي', 'حقي']",27
52,ورغم إنو لمرا هي و ولدها كانت باينا عليهم ملامح الخصاصة والفقر إلا إنها ما شكاتش مالفقر قتلي نحب شكون ياقف لولدي ويكلم المعلمة نحب ولدي يتعلم,TUN,ورغم إنو لمرا هي و ولدها كانت باينا عليهم ملامح الخصاصة والفقر إلا إنها ما شكاتش مالفقر قتلي نحب شكون ياقف لولدي ويكلم المعلمة نحب ولدي يتعلم,Maghreb,TUN,Tunisia,Tunis,Maghreb,Tunisia,Tunis,3.7283156603827445e-10,2.942906508293905e-08,3.2088184325006146e-11,4.4140431441341783e-10,1.7917497627070265e-10,2.1398219921421822e-10,1.8044586687232463e-10,1.3387923111732097e-09,2.674023146514591e-09,2.783071450085178e-10,1.0624863867844443e-09,2.999944691657989e-10,2.001997767881884e-10,3.3887928392829476e-10,4.015543113702534e-10,8.581903287853672e-10,1.499937497926354e-10,1.3021075106593078e-10,1.4098476331880428e-09,4.7337661964821095e-09,1.3687262352584265e-09,7.912048839510245e-10,2.0729515875899328e-10,0.0010425179033309191,8.810239307989495e-09,0.9989574261939658,"['ورغم', 'إنو', 'لمرا', 'هي', 'و', 'ولدها', 'كانت', 'باينا', 'عليهم', 'ملامح', 'الخصاصة', 'والفقر', 'إلا', 'إنها', 'ما', 'شكاتش', 'مالفقر', 'قتلي', 'نحب', 'شكون', 'ياقف', 'لولدي', 'ويكلم', 'المعلمة', 'نحب', 'ولدي', 'يتعلم']",27
53,هكاكة و جاو زوز نساء أخرين يشكيو مالمعلمة أو الغولة اللي مخوفا صغيرات السنة الأولي اللي مازالو كي حطو ساقيهم في بداية مسيرتهم التعليمية قلتلهم إشكيو قالولي كلمنا المدير أما حكاية فارغة و هذا الكلو يرجع لغياب إطارات الدولة وتهميش أهم قطاع,TUN,هكاكة و جاو زوز نساء أخرين يشكيو مالمعلمة أو الغولة اللي مخوفا صغيرات السنة الأولي اللي مازالو كي حطو ساقيهم في بداية مسيرتهم التعليمية قلتلهم إشكيو قالولي كلمنا المدير أما حكاية فارغة و هذا الكلو يرجع لغياب إطارات الدولة وتهميش أهم قطاع,Maghreb,TUN,Tunisia,Tunis,Maghreb,Tunisia,Tunis,1.1235136133536552e-09,1.4648887368768114e-06,2.0808220476300517e-10,3.757313501074746e-09,1.0252939565009656e-09,4.055063221819883e-09,2.0942313714864128e-09,6.837365527284163e-09,2.5769845529977416e-08,4.882360829098542e-09,2.168627631786198e-09,5.032426856789085e-09,8.666360766665807e-10,1.21851284192393e-08,1.2284593328581365e-08,6.9933278927781884e-09,3.9850015035170113e-10,2.2864628297292543e-10,1.3734956562072334e-08,3.548496621045123e-09,4.2130615137404564e-07,1.5039060833933205e-08,3.3125864371016368e-09,7.713058871782806e-05,5.451107198063558e-08,0.999920803159265,"['هكاكة', 'و', 'جاو', 'زوز', 'نساء', 'أخرين', 'يشكيو', 'مالمعلمة', 'أو', 'الغولة', 'اللي', 'مخوفا', 'صغيرات', 'السنة', 'الأولي', 'اللي', 'مازالو', 'كي', 'حطو', 'ساقيهم', 'في', 'بداية', 'مسيرتهم', 'التعليمية', 'قلتلهم', 'إشكيو', 'قالولي', 'كلمنا', 'المدير', 'أما', 'حكاية', 'فارغة', 'و', 'هذا', 'الكلو', 'يرجع', 'لغياب', 'إطارات', 'الدولة', 'وتهميش', 'أهم', 'قطاع']",42
54,يقوم عليه مستقبل الأجيال القادمة و مستقبل الدولة أنا نطلب من كل أعضاء الڨروب أي حد عندو سلطة أو معارف في قطاع التعليم إنو يوصل صوت هالصغيرات على فكرة المكتب هذا هو مكتب سيدي العلوي باب سعدون و الله لا يضيع أجر المحسنين و حسبي الله و نعم الوكيل.,TUN,يقوم عليه مستقبل الأجيال القادمة و مستقبل الدولة أنا نطلب من كل أعضاء الڨروب أي حد عندو سلطة أو معارف في قطاع التعليم إنو يوصل صوت هالصغيرات على فكرة المكتب هذا هو مكتب سيدي العلوي باب سعدون و الله لا يضيع أجر المحسنين و حسبي الله و نعم الوكيل,Maghreb,ALG,Algeria,Algiers,Maghreb,Tunisia,Tunis,1.529801757556932e-05,0.5222810586127401,4.5728358622851625e-06,7.547073794004996e-05,1.1209299457035011e-05,3.190753130684637e-05,5.790336017464455e-06,1.2896565055097739e-05,0.4354114222866274,3.538260691112562e-05,1.77431696588595e-05,1.949615552526659e-05,3.150954760569302e-05,6.688036301321909e-05,5.9239880279431555e-05,0.002536173354031902,2.7608338737096267e-06,0.026011804737350656,0.008906734086036545,2.4202138461656247e-05,0.00371450241717032,0.00011065391019441064,8.671593210188958e-05,0.00016482091739863174,0.00028830512274249936,7.344860506240893e-05,"['يقوم', 'عليه', 'مستقبل', 'الأجيال', 'القادمة', 'و', 'مستقبل', 'الدولة', 'أنا', 'نطلب', 'من', 'كل', 'أعضاء', 'الڨروب', 'أي', 'حد', 'عندو', 'سلطة', 'أو', 'معارف', 'في', 'قطاع', 'التعليم', 'إنو', 'يوصل', 'صوت', 'هالصغيرات', 'على', 'فكرة', 'المكتب', 'هذا', 'هو', 'مكتب', 'سيدي', 'العلوي', 'باب', 'سعدون', 'و', 'الله', 'لا', 'يضيع', 'أجر', 'المحسنين', 'و', 'حسبي', 'الله', 'و', 'نعم', 'الوكيل']",49
55,الكلنا راكبين في نفس الأسونسور غير أحنا مازال ماطاحش بينا شفتوها الدنيا قداش قصيرة زيدو أكرهو بعضكم و أحقدو على بعضكم الله يرحمكم و يصبر أهلهم هم السابقون و نحن اللحقون,TUN,الكلنا راكبين في نفس الأسونسور غير أحنا مازال ماطاحش بينا شفتوها الدنيا قداش قصيرة زيدو أكرهو بعضكم و أحقدو على بعضكم الله يرحمكم و يصبر أهلهم هم السابقون و نحن اللحقون,Maghreb,TUN,Tunisia,Tunis,Maghreb,Tunisia,Tunis,1.554780871607702e-07,0.00500176909169386,1.0133393024571698e-07,4.7004709670234945e-07,6.288881640029612e-07,4.95212789395745e-07,3.334231924607775e-07,5.350732809732227e-07,0.00011073469337515542,1.2368371718632572e-06,3.0230478560704225e-07,2.5474693021787697e-06,1.6062674448610757e-07,2.154086748414377e-06,4.055830833538599e-06,0.00015630005461193802,6.625481821119953e-08,1.475609022612903e-07,8.878237702009872e-06,2.273727812720765e-06,2.4664270919846022e-05,1.6832089601577937e-06,1.8555811697835705e-06,0.32777961791434845,0.0003064067147407512,0.6665924260768178,"['الكلنا', 'راكبين', 'في', 'نفس', 'الأسونسور', 'غير', 'أحنا', 'مازال', 'ماطاحش', 'بينا', 'شفتوها', 'الدنيا', 'قداش', 'قصيرة', 'زيدو', 'أكرهو', 'بعضكم', 'و', 'أحقدو', 'على', 'بعضكم', 'الله', 'يرحمكم', 'و', 'يصبر', 'أهلهم', 'هم', 'السابقون', 'و', 'نحن', 'اللحقون']",31
56,يعني جبت التايهة فكل من يهمهم الموضوع عارفين كل ده وامريكا بطور لقاح والمانيا كذلك وفرنسا واليابان ودول اخري واحنا ماشين بالتعاون مع الصين في موضوع كورونا لأسباب كلنا نعرفها,CAI,يعني جبت التايهة فكل من يهمهم الموضوع عارفين كل ده وامريكا بطور لقاح والمانيا كذلك وفرنسا واليابان ودول اخري واحنا ماشين بالتعاون مع الصين في موضوع كورونا لأسباب كلنا نعرفها,Nile Basin,CAI,Egypt,Cairo,Nile Basin,Egypt,Cairo,3.719712011050444e-06,3.0577681350346e-06,4.4339027254544775e-05,2.329618045930856e-05,0.026255865098905155,9.760003962681819e-07,9.072631353730313e-07,2.383393628992144e-06,2.771338330458918e-05,0.9729359329496614,1.1785685965391218e-05,0.00013041730514096918,2.1225570746256749e-07,0.0003035917926902449,3.138123582756171e-05,7.962057225736109e-05,1.42170152742577e-07,9.261360942587041e-08,1.0775188668797395e-05,1.0272945914831795e-07,2.812765406720888e-05,8.830900160411103e-06,1.1928715279332305e-05,4.194555811652121e-06,8.010284121515069e-05,5.030070958693413e-07,"['يعني', 'جبت', 'التايهة', 'فكل', 'من', 'يهمهم', 'الموضوع', 'عارفين', 'كل', 'ده', 'وامريكا', 'بطور', 'لقاح', 'والمانيا', 'كذلك', 'وفرنسا', 'واليابان', 'ودول', 'اخري', 'واحنا', 'ماشين', 'بالتعاون', 'مع', 'الصين', 'في', 'موضوع', 'كورونا', 'لأسباب', 'كلنا', 'نعرفها']",30
57,يعني ماذا تريد ان تقول لنا من خلال تلاعباتك الإسلوبية ومرادفاتك الكلامية الي بتوهنا فيها شيء سخيف ومقر,CAI,يعني ماذا تريد ان تقول لنا من خلال تلاعباتك الإسلوبية ومرادفاتك الكلامية الي بتوهنا فيها شيء سخيف ومقر,Modern Standard Arabic,MSA,Modern Standard Arabic,Modern Standard Arabic,Nile Basin,Egypt,Cairo,2.8342074921932323e-06,1.4676796838165207e-05,9.655956427924876e-07,1.290638464016328e-05,2.3998980834131937e-06,0.0002324702059272365,0.00012734621362167108,1.0737259328261602e-06,0.00013601690019157664,9.495003992715922e-06,9.617933053066531e-06,0.009459893432824579,1.7890128216616562e-06,0.0030765708025208543,3.529389642439636e-06,0.0006203927470086242,7.2328443724097395e-06,0.8341372925460303,0.0935521057386646,3.743672720739068e-07,0.05832040768581288,3.2906625593030104e-05,0.00017990938597844087,3.9531019241846406e-06,5.305900935531361e-05,7.804447628084185e-07,"['يعني', 'ماذا', 'تريد', 'ان', 'تقول', 'لنا', 'من', 'خلال', 'تلاعباتك', 'الإسلوبية', 'ومرادفاتك', 'الكلامية', 'الي', 'بتوهنا', 'فيها', 'شيء', 'سخيف', 'ومقر']",18
58,جاد و بيان اتخانقوا على الطريق بعد ما حاول يقنعها انها تسيب غمار و ترجع عن قرار انهم يسيبوا بعض تفتكروا ايه اللى هيحصل,CAI,جاد و بيان اتخانقوا على الطريق بعد ما حاول يقنعها انها تسيب غمار و ترجع عن قرار انهم يسيبوا بعض تفتكروا ايه اللى هيحصل,Nile Basin,CAI,Egypt,Cairo,Nile Basin,Egypt,Cairo,1.0822472543020805e-05,3.0888513408602414e-06,0.0074327990539938054,0.0014370471382050879,0.06234725420508897,1.0682639303673461e-05,2.8891014366477753e-05,1.630146132862414e-05,0.00022755733094668252,0.896653468041978,0.00023005669579157168,3.166301177942644e-05,9.504059002757617e-08,0.0010836552837439851,0.010254275632851511,0.0010745521060929765,7.275593467569851e-06,2.0571468838874628e-06,0.0004848744345051365,1.939343230800003e-07,0.009774855867633029,0.008051687122442438,0.000604233670682873,7.901280088421265e-06,0.00022421535473520054,4.956152934819344e-07,"['جاد', 'و', 'بيان', 'اتخانقوا', 'على', 'الطريق', 'بعد', 'ما', 'حاول', 'يقنعها', 'انها', 'تسيب', 'غمار', 'و', 'ترجع', 'عن', 'قرار', 'انهم', 'يسيبوا', 'بعض', 'تفتكروا', 'ايه', 'اللى', 'هيحصل']",24
59,أنا بحبك أوي يا مي من الإسكندرية منطقه العجمى الهانوفيل,CAI,أنا بحبك أوي يا مي من الإسكندرية منطقه العجمى الهانوفيل,Levant,BEI,Lebanon,Beirut,Nile Basin,Egypt,Cairo,0.005217986755785868,6.898218203729389e-07,0.000625310720218523,0.35312401676196187,0.001718407595707231,7.44056868667143e-07,9.348846831709588e-07,0.584570355010414,0.0001059443553142405,0.008537529648288395,0.017084172918455213,3.614973016836421e-06,3.8422244422227835e-08,1.5893134367250865e-05,0.028040814218446994,6.482659675872022e-05,2.3162943730125684e-08,5.890983858842106e-07,3.477085313036806e-05,2.339335746712624e-08,7.4537994352123e-06,0.0008353308430106296,8.156247837195846e-06,7.673152313824877e-08,2.1173042836950126e-06,1.7869174102640806e-07,"['أنا', 'بحبك', 'أوي', 'يا', 'مي', 'من', 'الإسكندرية', 'منطقه', 'العجمى', 'الهانوفيل']",10
60,مى وأمل صاحبتها وهما بيطبخوا مع بعض مسخرة أعمل منشن لصاحبك اللى لما بتخش معاه المطبخ بيحصل كدة,CAI,مى وأمل صاحبتها وهما بيطبخوا مع بعض مسخرة أعمل منشن لصاحبك اللى لما بتخش معاه المطبخ بيحصل كدة,Nile Basin,ALX,Egypt,Alexandria,Nile Basin,Egypt,Cairo,1.05668917912505e-07,9.2797971458129e-09,0.7883580602804062,8.322424138659035e-06,0.21144172271050932,9.227363194641667e-09,9.358726649954187e-09,6.651768549389228e-08,4.786527838109824e-07,0.00018298716764514247,1.5909273786361e-07,4.638530830584314e-08,2.609581243268881e-09,1.0083279746605237e-06,3.223958795730793e-06,2.7864861246642707e-06,6.084892482530249e-09,9.602183026834453e-09,1.410469590500389e-07,3.303741917234161e-09,7.894869708979158e-08,1.6085799622848553e-07,3.498175963160246e-07,8.519995042424184e-09,2.3541723172914236e-07,8.252211247954694e-09,"['مى', 'وأمل', 'صاحبتها', 'وهما', 'بيطبخوا', 'مع', 'بعض', 'مسخرة', 'أعمل', 'منشن', 'لصاحبك', 'اللى', 'لما', 'بتخش', 'معاه', 'المطبخ', 'بيحصل', 'كدة']",18
61,المهم ماتتكررش كتير عشان الصحة والكوليسترول والرشاقة و في البادية طبيعة حياتهم مختلفة من حيث المجهود البدني والبرودة عايشين في خيم فطبيعة جسمهم خلقة ربنا بتحرق كتير,CAI,المهم ماتتكررش كتير عشان الصحة والكوليسترول والرشاقة و في البادية طبيعة حياتهم مختلفة من حيث المجهود البدني والبرودة عايشين في خيم فطبيعة جسمهم خلقة ربنا بتحرق كتير,Nile Basin,CAI,Egypt,Cairo,Nile Basin,Egypt,Cairo,0.00031726476315882616,6.937713929367679e-06,0.00046910690593861504,0.012837001469621431,0.012844450318862432,1.1280741319475935e-06,2.677272730388071e-06,0.00016422096109415359,0.00023279194627402427,0.7156208774990849,0.000532616789694556,3.2249511692067606e-05,6.740118082286436e-07,0.0006834366887108991,0.25443661592039724,0.0012211752369061719,4.9217387862522875e-08,2.408728729047494e-07,1.7810516647854443e-05,3.1459693750398246e-07,6.205419212514186e-05,0.0004271213074223115,1.527858087899551e-05,3.7923856008956215e-06,6.809833856913506e-05,2.0149075222155038e-06,"['المهم', 'ماتتكررش', 'كتير', 'عشان', 'الصحة', 'والكوليسترول', 'والرشاقة', 'و', 'في', 'البادية', 'طبيعة', 'حياتهم', 'مختلفة', 'من', 'حيث', 'المجهود', 'البدني', 'والبرودة', 'عايشين', 'في', 'خيم', 'فطبيعة', 'جسمهم', 'خلقة', 'ربنا', 'بتحرق', 'كتير']",27
62,ده الا يفوته الحلقه كسبان هو في حد بيسمع ابو حمالات دلوقتي هي ناقصه تعري,CAI,ده الا يفوته الحلقه كسبان هو في حد بيسمع ابو حمالات دلوقتي هي ناقصه تعري,Nile Basin,CAI,Egypt,Cairo,Nile Basin,Egypt,Cairo,1.3633748228691963e-08,4.7619663487005695e-09,2.1758820082340404e-06,1.389834142123988e-07,0.0021547970097879074,4.121269488572162e-09,9.048734472103132e-09,3.901861069651547e-09,6.629664306856795e-07,0.9978370863937392,3.16549524314216e-08,1.6834480392284927e-08,2.4167118959320753e-09,1.782910114334834e-07,6.194338012131415e-08,1.379538027637158e-07,1.3073457700612555e-08,1.1217063739212844e-09,2.081166764449477e-08,7.565097442853737e-10,5.3301478546832264e-08,3.144246043420706e-08,1.6523140582864212e-06,5.814109175580519e-09,2.8936277058095477e-06,1.9395474059564494e-09,"['ده', 'الا', 'يفوته', 'الحلقه', 'كسبان', 'هو', 'في', 'حد', 'بيسمع', 'ابو', 'حمالات', 'دلوقتي', 'هي', 'ناقصه', 'تعري']",15
63,الف تحيه لاهل الاردن وشكرا يا مي اللي بتذاكر ينه يا احلى اكلات بلادنا الحبيبه تسلم الايادي انا فلسطينيه كنت عايشه بالاردن,CAI,الف تحيه لاهل الاردن وشكرا يا مي اللي بتذاكر ينه يا احلى اكلات بلادنا الحبيبه تسلم الايادي انا فلسطينيه كنت عايشه بالاردن,Levant,SAL,Jordan,Salt,Nile Basin,Egypt,Cairo,1.0640280039383909e-05,2.07081132866696e-07,4.681570514812808e-05,0.0006101275487296619,0.06066449621674538,4.108949655708267e-05,0.00012306826237166882,6.291847532844965e-05,0.000485333089448886,0.020112810476585394,0.00012240316915922256,0.0007413109770725246,2.8527245750236844e-07,0.004243900354132596,0.00040674402114124105,6.40479715901332e-05,6.800908393438403e-05,4.314941367961697e-08,0.00014193605536200044,7.525050932913772e-08,0.002334060704008046,0.8790303057405172,0.030348490253320842,3.873320837467397e-06,0.00033664207357373375,3.6597088310881585e-07,"['الف', 'تحيه', 'لاهل', 'الاردن', 'وشكرا', 'يا', 'مي', 'اللي', 'بتذاكر', 'ينه', 'يا', 'احلى', 'اكلات', 'بلادنا', 'الحبيبه', 'تسلم', 'الايادي', 'انا', 'فلسطينيه', 'كنت', 'عايشه', 'بالاردن']",22
64,ما شاء الله يا دكتور ربنا يحفظك ويبارك فى عمرك ويارب دائما فى تقدم ورقى,CAI,ما شاء الله يا دكتور ربنا يحفظك ويبارك فى عمرك ويارب دائما فى تقدم ورقى,Gulf,DOH,Qatar,Doha,Nile Basin,Egypt,Cairo,7.579981164897639e-05,7.372717619406275e-06,0.015305672834999976,0.001026571500787628,0.0006205048605234716,0.00555838277605878,0.0014993940185470745,2.1641459852888426e-05,0.0017849997692006463,0.0003689664568585203,0.0006708702316680527,0.7495167999941968,3.326184742613347e-06,0.027041226569848083,0.00024630942943358245,0.13263252704181053,0.00010515802531956209,4.916707732544002e-05,0.0024067634571312835,6.314004496005758e-07,0.04990366228133119,0.0009449545595494693,0.009120997526999268,1.8795194137405298e-05,0.001067558512486739,1.9463074730753103e-06,"['ما', 'شاء', 'الله', 'يا', 'دكتور', 'ربنا', 'يحفظك', 'ويبارك', 'فى', 'عمرك', 'ويارب', 'دائما', 'فى', 'تقدم', 'ورقى']",15
65,مييويى الفلاحين فى مصر زمان موش عارفة دلوقتى ايه كان لازم الارز المصرى اكيد بالشعرية أو إذا مافيش شعرية لازم يحمروا شوية ارز ويبقى لونهم زى الشعرية,CAI,مييويى الفلاحين فى مصر زمان موش عارفة دلوقتى ايه كان لازم الارز المصرى اكيد بالشعرية أو إذا مافيش شعرية لازم يحمروا شوية ارز ويبقى لونهم زى الشعرية,Nile Basin,ALX,Egypt,Alexandria,Nile Basin,Egypt,Cairo,2.873025190929069e-06,8.128349930432853e-08,0.4863687211321062,8.59771019079403e-06,0.16958999108247966,4.714401098473965e-08,1.1227136844262953e-07,8.156745618952559e-06,5.713011792523706e-07,0.343997553228386,5.595655102629973e-06,1.5644001406689145e-07,3.1801880551018984e-09,6.807915679209427e-06,1.7620477120542392e-06,1.3401145581859311e-06,1.091728698542418e-08,6.398025028554901e-10,2.9094674833367323e-07,6.387269838398275e-10,1.1824233525427526e-06,4.487797176089242e-06,1.701727429412909e-07,1.1909413578547637e-07,1.3373447334051808e-06,2.974800966151239e-08,"['مييويى', 'الفلاحين', 'فى', 'مصر', 'زمان', 'موش', 'عارفة', 'دلوقتى', 'ايه', 'كان', 'لازم', 'الارز', 'المصرى', 'اكيد', 'بالشعرية', 'أو', 'إذا', 'مافيش', 'شعرية', 'لازم', 'يحمروا', 'شوية', 'ارز', 'ويبقى', 'لونهم', 'زى', 'الشعرية']",27
